node_id,name,kind,lat,lon,lines,is_interchange,category,degree,observed_congestion,latent_congestion
jn_245613696,Junction 245613696,junction,12.924564,77.617992,,0,,3,0.37357,0.40892
jn_245615180,Junction 245615180,junction,12.967776,77.588255,,0,,3,0.90138,0.83388
jn_246171016,Junction 246171016,junction,12.957746,77.582133,,0,,3,0.86144,0.77957
jn_247974980,Junction 247974980,junction,12.916818,77.600103,,0,,3,0.59177,0.56097
jn_247991552,Junction 247991552,junction,12.926656,77.600534,,0,,3,0.63561,0.56286
jn_248181106,Junction 248181106,junction,12.937941,77.598951,,0,,3,0.89401,0.71088
jn_248455441,Junction 248455441,junction,12.962157,77.594468,,0,,4,0.70748,0.73464
jn_248455450,Junction 248455450,junction,12.965192,77.599491,,0,,4,0.78903,0.77914
jn_248459849,Junction 248459849,junction,12.971751,77.594004,,0,,3,0.9044,0.80311
jn_248459877,Junction 248459877,junction,12.971477,77.606108,,0,,3,0.84218,0.85306
jn_248525401,Junction 248525401,junction,12.955521,77.585717,,0,,3,0.74485,0.71212
jn_248525402,Junction 248525402,junction,12.954279,77.585435,,0,,4,0.8332,0.86005
jn_248525409,Junction 248525409,junction,12.953856,77.591335,,0,,4,0.84501,0.73695
jn_248671287,Junction 248671287,junction,12.942992,77.526106,,0,,4,0.58767,0.70041
jn_248809645,Junction 248809645,junction,12.940606,77.575318,,0,,3,0.66145,0.71995
jn_248839215,Junction 248839215,junction,12.916966,77.573645,,0,,3,0.77805,0.56611
jn_249075524,Junction 249075524,junction,12.917132,77.583664,,0,,2,0.42585,0.49048
jn_249081146,Junction 249081146,junction,12.960161,77.55681,,0,,2,0.76679,0.76188
jn_249081348,Junction 249081348,junction,12.967334,77.588417,,0,,3,0.80068,0.77856
jn_249082836,Junction 249082836,junction,12.992289,77.600041,,0,,3,0.88094,0.78318
jn_249083003,Junction 249083003,junction,13.000011,77.610882,,0,,3,0.61851,0.62422
jn_249083738,Junction 249083738,junction,12.964211,77.570154,,0,,4,0.63081,0.77554
jn_249084139,Junction 249084139,junction,12.950634,77.537989,,0,,3,0.89608,0.78568
jn_249096054,Junction 249096054,junction,12.948622,77.593039,,0,,1,0.66981,0.69218
jn_249140778,Junction 249140778,junction,12.94908,77.593317,,0,,3,0.69784,0.8006
jn_249141559,Junction 249141559,junction,12.956229,77.577592,,0,,2,0.83876,0.80591
jn_249144370,Junction 249144370,junction,12.96466,77.574631,,0,,4,0.85313,0.92521
jn_249585502,Junction 249585502,junction,12.961013,77.559173,,0,,3,0.80761,0.77019
jn_249782468,Junction 249782468,junction,12.945712,77.573817,,0,,3,0.49287,0.66764
jn_251099555,Junction 251099555,junction,12.959334,77.661163,,0,,3,0.36167,0.39152
jn_251099557,Junction 251099557,junction,12.958671,77.664999,,0,,3,0.33402,0.42322
jn_251142775,Junction 251142775,junction,12.977468,77.627275,,0,,3,0.51566,0.56341
jn_251146209,Junction 251146209,junction,12.96664,77.620328,,0,,3,0.75462,0.65109
jn_251361753,Junction 251361753,junction,13.006416,77.57119,,0,,1,0.56355,0.67915
jn_256093166,Junction 256093166,junction,12.95821,77.668159,,0,,3,0.3335,0.33528
jn_260911861,Junction 260911861,junction,12.924142,77.628862,,0,,5,0.56379,0.50439
jn_263155937,Junction 263155937,junction,12.981859,77.594783,,0,,4,0.67183,0.81381
jn_264845660,Junction 264845660,junction,12.913915,77.677625,,0,,3,0.33441,0.37526
jn_266371138,Junction 266371138,junction,12.921146,77.665992,,0,,4,0.56755,0.46158
jn_282765938,Junction 282765938,junction,13.003679,77.584081,,0,,2,0.64122,0.80117
jn_286654942,Junction 286654942,junction,12.962558,77.641617,,0,,3,0.48714,0.47792
jn_286679311,Junction 286679311,junction,12.966845,77.587941,,0,,3,0.60593,0.76244
jn_286679575,Junction 286679575,junction,12.974275,77.574665,,0,,3,0.82568,0.83627
jn_286681951,Junction 286681951,junction,12.960549,77.641884,,0,,4,0.5546,0.44682
jn_286681963,Junction 286681963,junction,12.961498,77.641018,,0,,3,0.42551,0.41578
jn_287793735,Junction 287793735,junction,12.967823,77.587606,,0,,3,0.92217,0.82228
jn_294076319,Junction 294076319,junction,12.991841,77.599925,,0,,3,0.6433,0.72228
jn_294082867,Junction 294082867,junction,12.985094,77.572224,,0,,4,0.87121,0.85417
jn_294083077,Junction 294083077,junction,12.97482,77.574669,,0,,3,0.89249,0.92548
jn_294084041,Junction 294084041,junction,12.989877,77.571844,,0,,3,0.81043,0.87881
jn_296030006,Junction 296030006,junction,12.999714,77.619732,,0,,3,0.47221,0.62301
jn_296030007,Junction 296030007,junction,13.000152,77.620269,,0,,3,0.59084,0.63794
jn_296030027,Junction 296030027,junction,13.000534,77.616045,,0,,1,0.56663,0.55514
jn_296030030,Junction 296030030,junction,13.002394,77.616196,,0,,3,0.5334,0.60208
jn_296030036,Junction 296030036,junction,13.001409,77.618688,,0,,3,0.52836,0.64481
jn_296030040,Junction 296030040,junction,13.002296,77.616227,,0,,3,0.60448,0.62772
jn_298775277,Junction 298775277,junction,12.960494,77.643396,,0,,3,0.55126,0.43401
jn_298775392,Junction 298775392,junction,12.960933,77.641788,,0,,3,0.42253,0.49352
jn_298815587,Junction 298815587,junction,12.962558,77.641697,,0,,3,0.69431,0.5813
jn_298820566,Junction 298820566,junction,12.960767,77.641114,,0,,3,0.49688,0.50046
jn_298830984,Junction 298830984,junction,12.960648,77.64156,,0,,3,0.25522,0.38295
jn_304771894,Junction 304771894,junction,12.931492,77.622623,,0,,3,0.45583,0.39391
jn_305091341,Junction 305091341,junction,12.930241,77.622135,,0,,2,0.59884,0.54201
jn_306591433,Junction 306591433,junction,12.932018,77.613325,,0,,3,0.36872,0.49207
jn_306611194,Junction 306611194,junction,12.916694,77.628383,,0,,1,0.40416,0.35768
jn_307407783,Junction 307407783,junction,12.916551,77.620183,,0,,3,0.37832,0.46951
jn_308069178,Junction 308069178,junction,12.986869,77.520518,,0,,1,0.50783,0.51926
jn_308232359,Junction 308232359,junction,13.007662,77.548813,,0,,1,0.48495,0.56328
jn_308232372,Junction 308232372,junction,12.995103,77.550875,,0,,2,0.8542,0.71972
jn_308232375,Junction 308232375,junction,12.991959,77.551044,,0,,4,0.88573,0.78881
jn_308232863,Junction 308232863,junction,12.985894,77.549317,,0,,3,0.76401,0.71434
jn_308233404,Junction 308233404,junction,12.957681,77.533971,,0,,3,0.68158,0.62878
jn_308915753,Junction 308915753,junction,12.924497,77.628282,,0,,2,0.61518,0.42088
jn_308915754,Junction 308915754,junction,12.924238,77.628906,,0,,3,0.58909,0.57756
jn_308915757,Junction 308915757,junction,12.925301,77.636376,,0,,3,0.50466,0.52662
jn_308915759,Junction 308915759,junction,12.925166,77.637395,,0,,2,0.29285,0.43344
jn_309592695,Junction 309592695,junction,12.93519,77.624441,,0,,2,0.61957,0.49377
jn_309594299,Junction 309594299,junction,12.906363,77.587622,,0,,3,0.47944,0.52986
jn_320644590,Junction 320644590,junction,12.963857,77.583987,,0,,2,0.80144,0.75554
jn_334473774,Junction 334473774,junction,12.972508,77.619099,,0,,3,0.66646,0.7897
jn_334473824,Junction 334473824,junction,12.974084,77.612127,,0,,3,0.96146,0.76886
jn_343338911,Junction 343338911,junction,12.989351,77.585945,,0,,2,0.71787,0.75855
jn_343453369,Junction 343453369,junction,12.997015,77.669389,,0,,3,0.2763,0.46635
jn_347260618,Junction 347260618,junction,12.960695,77.642085,,0,,3,0.69298,0.57572
jn_347295555,Junction 347295555,junction,12.975018,77.570642,,0,,3,0.95774,0.83949
jn_355427195,Junction 355427195,junction,13.001868,77.66322,,0,,1,0.33969,0.41525
jn_362419387,Junction 362419387,junction,12.906418,77.582735,,0,,2,0.71226,0.50486
jn_412905225,Junction 412905225,junction,13.001951,77.617458,,0,,3,0.53568,0.45398
jn_412905242,Junction 412905242,junction,13.003325,77.619353,,0,,3,0.47369,0.61531
jn_426962456,Junction 426962456,junction,13.010765,77.583899,,0,,1,0.75147,0.75136
jn_427531036,Junction 427531036,junction,12.996965,77.571408,,0,,3,0.80173,0.79229
jn_427531039,Junction 427531039,junction,12.989096,77.57411,,0,,2,1.0,0.88549
jn_427531054,Junction 427531054,junction,12.996754,77.571413,,0,,3,0.81023,0.86926
jn_428420786,Junction 428420786,junction,12.968306,77.589512,,0,,4,0.9256,0.9153
jn_428420790,Junction 428420790,junction,12.967742,77.590058,,0,,3,0.90124,0.85329
jn_428435126,Junction 428435126,junction,12.965314,77.597024,,0,,3,0.94251,0.8742
jn_428435131,Junction 428435131,junction,12.964954,77.596849,,0,,4,0.91637,0.85201
jn_428435133,Junction 428435133,junction,12.964939,77.597174,,0,,3,0.74565,0.79295
jn_428457143,Junction 428457143,junction,12.951478,77.590367,,0,,3,0.57313,0.69479
jn_428457157,Junction 428457157,junction,12.951686,77.590436,,0,,3,0.78144,0.71871
jn_428457159,Junction 428457159,junction,12.951709,77.590526,,0,,3,0.81737,0.76173
jn_428457162,Junction 428457162,junction,12.951686,77.590606,,0,,3,0.73928,0.76429
jn_428457166,Junction 428457166,junction,12.951464,77.590666,,0,,3,0.76758,0.78384
jn_428457171,Junction 428457171,junction,12.953829,77.591425,,0,,3,0.86756,0.80231
jn_428457180,Junction 428457180,junction,12.959455,77.593561,,0,,4,0.66439,0.65655
jn_428457182,Junction 428457182,junction,12.959472,77.593499,,0,,3,0.85436,0.7803
jn_428457189,Junction 428457189,junction,12.962185,77.594638,,0,,4,0.816,0.65235
jn_428858185,Junction 428858185,junction,12.9646,77.574632,,0,,3,0.99315,0.90658
jn_429001182,Junction 429001182,junction,12.963544,77.57884,,0,,3,0.96585,0.88482
jn_429001197,Junction 429001197,junction,12.964048,77.576814,,0,,3,0.85009,0.82664
jn_429001199,Junction 429001199,junction,12.962423,77.569176,,0,,1,0.63326,0.74474
jn_429230952,Junction 429230952,junction,12.963738,77.584734,,0,,4,0.87832,0.89658
jn_429231089,Junction 429231089,junction,12.964302,77.579004,,0,,4,0.81465,0.86184
jn_429286743,Junction 429286743,junction,12.996951,77.584527,,0,,3,0.78318,0.71344
jn_429286798,Junction 429286798,junction,12.982006,77.564589,,0,,3,0.61487,0.7913
jn_429723996,Junction 429723996,junction,12.980801,77.574455,,0,,3,0.79242,0.69627
jn_429724016,Junction 429724016,junction,12.989832,77.572397,,0,,3,0.83813,0.86012
jn_429724018,Junction 429724018,junction,12.990603,77.571674,,0,,5,0.78766,0.86513
jn_429726436,Junction 429726436,junction,12.974736,77.570428,,0,,1,0.76099,0.83523
jn_432504284,Junction 432504284,junction,13.000134,77.610725,,0,,3,0.3672,0.57725
jn_435252002,Junction 435252002,junction,12.960221,77.559218,,0,,2,0.88431,0.86704
jn_435688175,Junction 435688175,junction,12.890404,77.564409,,0,,1,0.55806,0.4614
jn_442075239,Junction 442075239,junction,13.000257,77.678151,,0,,3,0.57306,0.51145
jn_442107152,Junction 442107152,junction,12.996929,77.669674,,0,,3,0.62905,0.59332
jn_442107275,Junction 442107275,junction,12.996826,77.664413,,0,,3,0.45283,0.55007
jn_442107282,Junction 442107282,junction,12.994827,77.664433,,0,,2,0.34183,0.40284
jn_443224605,Junction 443224605,junction,12.935241,77.624371,,0,,3,0.60011,0.51201
jn_443721750,Junction 443721750,junction,12.99468,77.596958,,0,,1,0.60629,0.65533
jn_446892447,Junction 446892447,junction,12.964347,77.534746,,0,,3,0.62814,0.69664
jn_458127676,Junction 458127676,junction,12.975859,77.548677,,0,,1,0.70851,0.70998
jn_458263319,Junction 458263319,junction,12.967041,77.594643,,0,,3,0.91255,0.89711
jn_459656124,Junction 459656124,junction,12.958432,77.593195,,0,,3,0.71082,0.72386
jn_460976059,Junction 460976059,junction,13.007888,77.569178,,0,,1,0.56977,0.65318
jn_494076705,Junction 494076705,junction,12.916653,77.600092,,0,,3,0.61902,0.70345
jn_494238030,Junction 494238030,junction,12.916658,77.599814,,0,,3,0.67785,0.61969
jn_494238031,Junction 494238031,junction,12.916824,77.59987,,0,,3,0.61823,0.51366
jn_494238048,Junction 494238048,junction,12.914261,77.599824,,0,,3,0.5615,0.62784
jn_494238124,Junction 494238124,junction,12.91428,77.600039,,0,,3,0.60234,0.59369
jn_494238127,Junction 494238127,junction,12.918698,77.600097,,0,,3,0.33308,0.47259
jn_494271084,Junction 494271084,junction,12.919448,77.621405,,0,,3,0.37855,0.59375
jn_494271104,Junction 494271104,junction,12.916681,77.60748,,0,,3,0.58185,0.55619
jn_560642468,Junction 560642468,junction,12.936415,77.518236,,0,,1,0.61874,0.48128
jn_560654632,Junction 560654632,junction,12.892759,77.598971,,0,,1,0.3082,0.3972
jn_597083493,Junction 597083493,junction,12.977971,77.584217,,0,,3,0.84532,0.82302
jn_597083726,Junction 597083726,junction,12.977834,77.584599,,0,,3,1.0,0.89919
jn_597084032,Junction 597084032,junction,12.978878,77.584863,,0,,2,0.94963,0.81447
jn_597084145,Junction 597084145,junction,12.977738,77.584571,,0,,3,0.85805,0.80626
jn_597084147,Junction 597084147,junction,12.977113,77.583968,,0,,1,0.79423,0.79191
jn_597084149,Junction 597084149,junction,12.977134,77.583919,,0,,1,0.61376,0.67125
jn_597084152,Junction 597084152,junction,12.978113,77.584225,,0,,3,0.93107,0.84988
jn_618248521,Junction 618248521,junction,12.909699,77.627357,,0,,3,0.53256,0.48763
jn_620136177,Junction 620136177,junction,12.973956,77.544729,,0,,1,0.91684,0.6962
jn_620136201,Junction 620136201,junction,12.973926,77.546055,,0,,3,0.96631,0.90402
jn_650085190,Junction 650085190,junction,12.929869,77.614948,,0,,3,0.55391,0.53512
jn_650085372,Junction 650085372,junction,12.932244,77.613471,,0,,4,0.61341,0.63177
jn_650141496,Junction 650141496,junction,12.924158,77.647555,,0,,3,0.38871,0.51893
jn_660676770,Junction 660676770,junction,12.994035,77.596656,,0,,3,0.66629,0.68814
jn_663311696,Junction 663311696,junction,12.97511,77.586907,,0,,3,0.79658,0.85403
jn_663311718,Junction 663311718,junction,12.976103,77.587834,,0,,3,0.84424,0.87553
jn_663311721,Junction 663311721,junction,12.976264,77.588092,,0,,3,0.93209,0.86161
jn_663313886,Junction 663313886,junction,12.967165,77.588912,,0,,1,0.90491,0.77631
jn_663313892,Junction 663313892,junction,12.967636,77.589345,,0,,3,0.90583,0.94485
jn_663596569,Junction 663596569,junction,12.980965,77.597513,,0,,3,0.52611,0.71127
jn_663596583,Junction 663596583,junction,12.981727,77.597085,,0,,3,0.70381,0.81454
jn_665045355,Junction 665045355,junction,12.982937,77.592292,,0,,4,0.86778,0.86871
jn_665045371,Junction 665045371,junction,12.986469,77.58904,,0,,3,0.72361,0.75348
jn_665062617,Junction 665062617,junction,12.967942,77.587099,,0,,3,0.78697,0.80352
jn_665062621,Junction 665062621,junction,12.968463,77.587305,,0,,2,0.70203,0.75778
jn_679993270,Junction 679993270,junction,12.974629,77.571126,,0,,3,0.78951,0.77941
jn_679993301,Junction 679993301,junction,12.974767,77.57076,,0,,4,0.92702,0.91189
jn_683068022,Junction 683068022,junction,12.974926,77.548558,,0,,1,0.96432,0.87881
jn_687332600,Junction 687332600,junction,12.982863,77.572843,,0,,3,0.87408,0.98
jn_699576768,Junction 699576768,junction,12.916954,77.573587,,0,,3,0.32442,0.4315
jn_699576794,Junction 699576794,junction,12.917805,77.573451,,0,,3,0.59335,0.52143
jn_699585164,Junction 699585164,junction,12.913733,77.566197,,0,,3,0.40819,0.45136
jn_699585967,Junction 699585967,junction,12.920618,77.562039,,0,,3,0.45215,0.58937
jn_699690700,Junction 699690700,junction,12.953234,77.538238,,0,,3,0.63813,0.65551
jn_699704164,Junction 699704164,junction,12.936344,77.518566,,0,,1,0.39517,0.46823
jn_733498647,Junction 733498647,junction,12.939589,77.532769,,0,,3,0.61716,0.55634
jn_733498684,Junction 733498684,junction,12.940457,77.532233,,0,,3,0.53511,0.62019
jn_736207380,Junction 736207380,junction,12.972656,77.641102,,0,,3,0.39465,0.50654
jn_747663279,Junction 747663279,junction,12.924483,77.650454,,0,,3,0.44557,0.48175
jn_956653671,Junction 956653671,junction,12.983194,77.572673,,0,,3,0.82536,0.98
jn_983351470,Junction 983351470,junction,12.995088,77.698041,,0,,2,0.52132,0.41709
jn_983351475,Junction 983351475,junction,12.99501,77.698023,,0,,1,0.42811,0.39337
jn_1053901121,Junction 1053901121,junction,12.946846,77.524991,,0,,1,0.6486,0.55788
jn_1067769842,Junction 1067769842,junction,12.965116,77.597087,,0,,3,0.67153,0.83481
jn_1067781007,Junction 1067781007,junction,12.964833,77.596968,,0,,4,0.83717,0.74431
jn_1067789545,Junction 1067789545,junction,12.962567,77.595228,,0,,3,0.54541,0.63689
jn_1067789550,Junction 1067789550,junction,12.962339,77.594509,,0,,3,0.69565,0.68917
jn_1070314187,Junction 1070314187,junction,12.916068,77.573762,,0,,3,0.46988,0.60434
jn_1070314188,Junction 1070314188,junction,12.917579,77.574077,,0,,3,0.36045,0.47582
jn_1070314200,Junction 1070314200,junction,12.906339,77.582579,,0,,3,0.59522,0.54777
jn_1070314234,Junction 1070314234,junction,12.906294,77.587623,,0,,2,0.4738,0.53821
jn_1070361724,Junction 1070361724,junction,12.927597,77.62092,,0,,4,0.56271,0.59885
jn_1070361761,Junction 1070361761,junction,12.93462,77.612143,,0,,2,0.46995,0.60782
jn_1083500529,Junction 1083500529,junction,12.921278,77.662906,,0,,2,0.30086,0.49217
jn_1109115769,Junction 1109115769,junction,12.997781,77.550293,,0,,2,0.80959,0.82994
jn_1109138333,Junction 1109138333,junction,12.996242,77.550638,,0,,3,0.85774,0.77043
jn_1109138336,Junction 1109138336,junction,12.996573,77.550679,,0,,2,0.72904,0.67158
jn_1109138337,Junction 1109138337,junction,12.996227,77.550549,,0,,3,0.74613,0.74073
jn_1109138338,Junction 1109138338,junction,12.999579,77.550027,,0,,2,0.66843,0.57957
jn_1109138339,Junction 1109138339,junction,12.999642,77.549778,,0,,3,0.92789,0.86322
jn_1109138340,Junction 1109138340,junction,12.999672,77.549878,,0,,3,0.84439,0.82346
jn_1109138341,Junction 1109138341,junction,12.997761,77.5502,,0,,2,0.85028,0.79108
jn_1114550091,Junction 1114550091,junction,12.984936,77.549261,,0,,1,0.81456,0.74361
jn_1123386062,Junction 1123386062,junction,12.916928,77.621968,,0,,3,0.4141,0.50296
jn_1129371503,Junction 1129371503,junction,13.000411,77.679125,,0,,3,0.46822,0.44381
jn_1177192105,Junction 1177192105,junction,13.000269,77.680856,,0,,3,0.5292,0.47823
jn_1232953264,Junction 1232953264,junction,12.973438,77.610926,,0,,3,0.7183,0.71093
jn_1232953300,Junction 1232953300,junction,12.973804,77.611086,,0,,4,0.80481,0.87316
jn_1232963659,Junction 1232963659,junction,12.971303,77.607,,0,,2,0.66387,0.60907
jn_1282881076,Junction 1282881076,junction,12.960855,77.640139,,0,,5,0.51216,0.43834
jn_1289956546,Junction 1289956546,junction,12.987132,77.594928,,0,,2,0.87527,0.74693
jn_1307598719,Junction 1307598719,junction,12.986656,77.588734,,0,,3,0.69874,0.79207
jn_1319974913,Junction 1319974913,junction,12.921835,77.668077,,0,,1,0.22229,0.33483
jn_1319974914,Junction 1319974914,junction,12.921903,77.668032,,0,,3,0.36387,0.35226
jn_1355297532,Junction 1355297532,junction,12.965893,77.662299,,0,,4,0.35621,0.37046
jn_1355297535,Junction 1355297535,junction,12.966032,77.66254,,0,,1,0.48858,0.43175
jn_1364038689,Junction 1364038689,junction,13.000418,77.676511,,0,,2,0.3022,0.43626
jn_1420105787,Junction 1420105787,junction,12.965848,77.641462,,0,,2,0.50531,0.53928
jn_1434179293,Junction 1434179293,junction,12.966945,77.620393,,0,,2,0.42157,0.47414
jn_1435578873,Junction 1435578873,junction,12.998746,77.584274,,0,,3,1.0,0.86247
jn_1435578876,Junction 1435578876,junction,12.997742,77.584746,,0,,1,0.69799,0.60822
jn_1435578877,Junction 1435578877,junction,12.997756,77.584133,,0,,2,0.59963,0.65751
jn_1435578897,Junction 1435578897,junction,12.997999,77.584435,,0,,3,0.75819,0.8137
jn_1436067882,Junction 1436067882,junction,12.984883,77.588229,,0,,2,1.0,0.89474
jn_1442068016,Junction 1442068016,junction,12.948541,77.593083,,0,,1,0.54634,0.51434
jn_1442068027,Junction 1442068027,junction,12.948393,77.593662,,0,,4,0.66745,0.7478
jn_1454651961,Junction 1454651961,junction,12.959267,77.661159,,0,,4,0.58436,0.4919
jn_1454651965,Junction 1454651965,junction,12.962489,77.592057,,0,,3,0.83904,0.76631
jn_1467779068,Junction 1467779068,junction,13.00483,77.549044,,0,,3,0.65452,0.68801
jn_1469034694,Junction 1469034694,junction,12.966827,77.5948,,0,,3,0.84339,0.81325
jn_1469034722,Junction 1469034722,junction,12.966874,77.595028,,0,,3,0.78644,0.74363
jn_1472178357,Junction 1472178357,junction,12.996379,77.550395,,0,,1,0.75476,0.72179
jn_1472212755,Junction 1472212755,junction,12.909615,77.627248,,0,,3,0.55287,0.50784
jn_1472248431,Junction 1472248431,junction,12.91968,77.621047,,0,,4,0.74887,0.601
jn_1472248447,Junction 1472248447,junction,12.923707,77.618602,,0,,3,0.60626,0.63421
jn_1472248450,Junction 1472248450,junction,12.92345,77.618886,,0,,3,0.4526,0.48211
jn_1472248456,Junction 1472248456,junction,12.926037,77.617282,,0,,4,0.68234,0.60572
jn_1472878464,Junction 1472878464,junction,12.918068,77.622446,,0,,4,0.61098,0.51367
jn_1483859318,Junction 1483859318,junction,13.00818,77.692091,,0,,1,0.19403,0.4485
jn_1522519216,Junction 1522519216,junction,12.940623,77.57446,,0,,2,0.7909,0.69657
jn_1523537403,Junction 1523537403,junction,12.984585,77.597063,,0,,4,0.81937,0.83611
jn_1524720263,Junction 1524720263,junction,12.995315,77.550614,,0,,1,0.6645,0.65045
jn_1526130481,Junction 1526130481,junction,13.001772,77.549407,,0,,1,0.75187,0.70468
jn_1530703051,Junction 1530703051,junction,12.972307,77.619576,,0,,1,0.66385,0.57636
jn_1537844513,Junction 1537844513,junction,12.982791,77.569654,,0,,3,0.86921,0.85339
jn_1560168984,Junction 1560168984,junction,12.980193,77.572657,,0,,3,0.86627,0.97622
jn_1560168993,Junction 1560168993,junction,12.980369,77.572488,,0,,4,0.82456,0.79562
jn_1568922443,Junction 1568922443,junction,12.963249,77.585002,,0,,3,1.0,0.85339
jn_1601910085,Junction 1601910085,junction,13.010524,77.662491,,0,,1,0.40979,0.40973
jn_1608973482,Junction 1608973482,junction,12.924277,77.651783,,0,,2,0.30728,0.40324
jn_1613154923,Junction 1613154923,junction,12.896905,77.635235,,0,,3,0.65606,0.53078
jn_1613154924,Junction 1613154924,junction,12.896955,77.635328,,0,,1,0.46632,0.36629
jn_1614318635,Junction 1614318635,junction,12.941393,77.696342,,0,,1,0.25856,0.37733
jn_1614318730,Junction 1614318730,junction,12.937413,77.69339,,0,,3,0.49877,0.42672
jn_1620344798,Junction 1620344798,junction,12.931541,77.622498,,0,,2,0.44478,0.54723
jn_1632815598,Junction 1632815598,junction,12.963912,77.577465,,0,,3,0.87051,0.879
jn_1634804475,Junction 1634804475,junction,12.99314,77.685961,,0,,3,0.44347,0.43295
jn_1634804562,Junction 1634804562,junction,12.992993,77.685922,,0,,1,0.44056,0.42638
jn_1634804563,Junction 1634804563,junction,12.99622,77.683849,,0,,3,0.3444,0.45661
jn_1636820409,Junction 1636820409,junction,12.975139,77.576461,,0,,3,0.9127,0.81862
jn_1636820444,Junction 1636820444,junction,12.980094,77.571223,,0,,3,0.94924,0.84413
jn_1636820456,Junction 1636820456,junction,12.980145,77.571121,,0,,3,0.76029,0.81626
jn_1636820472,Junction 1636820472,junction,12.980017,77.570982,,0,,3,0.87036,0.88438
jn_1636820490,Junction 1636820490,junction,12.979947,77.570996,,0,,3,0.74678,0.77982
jn_1636820523,Junction 1636820523,junction,12.974704,77.577348,,0,,3,0.94003,0.91508
jn_1636820542,Junction 1636820542,junction,12.975639,77.575992,,0,,1,0.75313,0.72652
jn_1645178560,Junction 1645178560,junction,12.924061,77.647346,,0,,4,0.6617,0.62019
jn_1645178612,Junction 1645178612,junction,12.923795,77.654392,,0,,3,0.5057,0.53783
jn_1650296797,Junction 1650296797,junction,12.962822,77.589905,,0,,4,0.79274,0.87057
jn_1650305476,Junction 1650305476,junction,12.982038,77.597047,,0,,3,0.75386,0.74534
jn_1650305517,Junction 1650305517,junction,12.980517,77.597611,,0,,1,0.61172,0.70341
jn_1668866520,Junction 1668866520,junction,12.963461,77.577317,,0,,3,0.77856,0.85857
jn_1707859865,Junction 1707859865,junction,12.99421,77.595881,,0,,3,0.84632,0.79394
jn_1707859994,Junction 1707859994,junction,12.994152,77.596224,,0,,3,0.90944,0.75171
jn_1723790725,Junction 1723790725,junction,12.91717,77.622233,,0,,3,0.47964,0.51285
jn_1723790753,Junction 1723790753,junction,12.917692,77.622347,,0,,3,0.55332,0.50884
jn_1723795924,Junction 1723795924,junction,12.917213,77.622657,,0,,3,0.48637,0.54372
jn_1723827217,Junction 1723827217,junction,12.931521,77.61384,,0,,3,0.62428,0.64237
jn_1725677617,Junction 1725677617,junction,12.893,77.637591,,0,,1,0.37933,0.43886
jn_1780334125,Junction 1780334125,junction,12.950712,77.5375,,0,,3,0.52717,0.68685
jn_1780334138,Junction 1780334138,junction,12.952914,77.54046,,0,,3,0.58051,0.64546
jn_1808871252,Junction 1808871252,junction,12.99981,77.619686,,0,,4,0.63987,0.58973
jn_1808871337,Junction 1808871337,junction,13.003096,77.616605,,0,,3,0.57551,0.61216
jn_1808871358,Junction 1808871358,junction,13.003664,77.616892,,0,,3,0.75642,0.62624
jn_1808871362,Junction 1808871362,junction,13.003697,77.616811,,0,,3,0.43245,0.60168
jn_1820382285,Junction 1820382285,junction,12.98229,77.563644,,0,,1,0.75562,0.79241
jn_1820387918,Junction 1820387918,junction,12.97991,77.564299,,0,,3,0.82925,0.90496
jn_1820411828,Junction 1820411828,junction,12.97553,77.554351,,0,,1,0.76469,0.86321
jn_1820423092,Junction 1820423092,junction,12.975881,77.564526,,0,,4,0.90758,0.96516
jn_1827634843,Junction 1827634843,junction,12.920522,77.6649,,0,,3,0.3428,0.41531
jn_1833036999,Junction 1833036999,junction,12.95446,77.544077,,0,,2,0.76829,0.71151
jn_1836983152,Junction 1836983152,junction,12.93706,77.53127,,0,,3,0.54237,0.62094
jn_1836983204,Junction 1836983204,junction,12.938516,77.531879,,0,,3,0.76051,0.67418
jn_1836983206,Junction 1836983206,junction,12.938455,77.532015,,0,,3,0.40369,0.54687
jn_1836983211,Junction 1836983211,junction,12.938605,77.533446,,0,,2,0.41218,0.47384
jn_1836983260,Junction 1836983260,junction,12.939517,77.531668,,0,,3,0.5322,0.56775
jn_1836983267,Junction 1836983267,junction,12.939587,77.532406,,0,,3,0.67189,0.67813
jn_1836983279,Junction 1836983279,junction,12.940106,77.53288,,0,,3,0.76247,0.65352
jn_1836983313,Junction 1836983313,junction,12.940576,77.533029,,0,,3,0.73295,0.61013
jn_1836983374,Junction 1836983374,junction,12.941394,77.531509,,0,,3,0.64274,0.72137
jn_1836983389,Junction 1836983389,junction,12.941888,77.534279,,0,,3,0.45247,0.59814
jn_1836983541,Junction 1836983541,junction,12.963392,77.581873,,0,,3,0.94092,0.82441
jn_1837005173,Junction 1837005173,junction,12.925979,77.617191,,0,,3,0.77501,0.52586
jn_1837285030,Junction 1837285030,junction,12.945974,77.640104,,0,,4,0.67231,0.55872
jn_1837285037,Junction 1837285037,junction,12.946032,77.640011,,0,,3,0.57358,0.50589
jn_1837297461,Junction 1837297461,junction,13.008112,77.692498,,0,,1,0.44467,0.46409
jn_1837339316,Junction 1837339316,junction,12.963981,77.582395,,0,,3,0.76642,0.84585
jn_1837378469,Junction 1837378469,junction,12.974274,77.546739,,0,,3,0.92338,0.85948
jn_1837378526,Junction 1837378526,junction,12.978137,77.549002,,0,,3,0.6949,0.71531
jn_1837595282,Junction 1837595282,junction,12.983298,77.591589,,0,,3,0.84162,0.80865
jn_1837595307,Junction 1837595307,junction,12.996073,77.595989,,0,,3,0.8754,0.83522
jn_1837722503,Junction 1837722503,junction,13.001867,77.66353,,0,,1,0.4098,0.29505
jn_1837757332,Junction 1837757332,junction,12.941755,77.573844,,0,,4,1.0,0.78549
jn_1837823395,Junction 1837823395,junction,13.001047,77.611725,,0,,3,0.50718,0.59614
jn_1837823400,Junction 1837823400,junction,13.001039,77.611846,,0,,4,0.88064,0.81092
jn_1837823406,Junction 1837823406,junction,13.001453,77.612148,,0,,3,0.75525,0.65964
jn_1845220002,Junction 1845220002,junction,13.000607,77.616068,,0,,4,0.73705,0.6807
jn_1912811931,Junction 1912811931,junction,12.93683,77.603588,,0,,3,0.52727,0.54448
jn_1931866151,Junction 1931866151,junction,12.975659,77.5646,,0,,3,0.73237,0.93871
jn_1931866158,Junction 1931866158,junction,12.975807,77.564466,,0,,4,1.0,0.91032
jn_1942843905,Junction 1942843905,junction,12.939036,77.532273,,0,,3,0.82498,0.69233
jn_2014690200,Junction 2014690200,junction,12.981473,77.595902,,0,,3,0.83243,0.8722
jn_2014710885,Junction 2014710885,junction,12.984457,77.571919,,0,,4,0.94779,0.9387
jn_2014710915,Junction 2014710915,junction,12.984492,77.572383,,0,,3,0.78864,0.78599
jn_2014710929,Junction 2014710929,junction,12.985202,77.5721,,0,,3,0.67426,0.71603
jn_2014710951,Junction 2014710951,junction,12.984907,77.572148,,0,,4,0.9645,0.89243
jn_2014710968,Junction 2014710968,junction,12.984599,77.572235,,0,,4,0.71111,0.89481
jn_2017901919,Junction 2017901919,junction,12.93765,77.601722,,0,,1,0.7647,0.65303
jn_2017901929,Junction 2017901929,junction,12.93668,77.60175,,0,,3,0.61776,0.53718
jn_2017901935,Junction 2017901935,junction,12.93753,77.601943,,0,,1,0.52372,0.5815
jn_2017901946,Junction 2017901946,junction,12.937112,77.601093,,0,,3,0.58705,0.51937
jn_2017901954,Junction 2017901954,junction,12.936958,77.602186,,0,,3,0.59306,0.59197
jn_2017901960,Junction 2017901960,junction,12.937304,77.601228,,0,,3,0.63597,0.5571
jn_2017901962,Junction 2017901962,junction,12.936629,77.601471,,0,,3,0.6572,0.74478
jn_2017901963,Junction 2017901963,junction,12.937155,77.602274,,0,,4,0.50909,0.61243
jn_2017924097,Junction 2017924097,junction,12.93673,77.60477,,0,,2,0.57147,0.57714
jn_2066368541,Junction 2066368541,junction,12.978121,77.548919,,0,,3,0.88584,0.78259
jn_2099691626,Junction 2099691626,junction,12.910818,77.68451,,0,,3,0.59679,0.38617
jn_2105846890,Junction 2105846890,junction,12.99396,77.595742,,0,,3,0.72321,0.74153
jn_2140200904,Junction 2140200904,junction,12.946294,77.530225,,0,,3,0.44049,0.47729
jn_2177268811,Junction 2177268811,junction,12.938036,77.598972,,0,,4,0.62359,0.62235
jn_2177302370,Junction 2177302370,junction,12.94534,77.596586,,0,,2,0.73453,0.71924
jn_2177302381,Junction 2177302381,junction,12.951534,77.590689,,0,,4,0.63961,0.6648
jn_2189688559,Junction 2189688559,junction,12.967524,77.599699,,0,,3,0.83826,0.77738
jn_2190851926,Junction 2190851926,junction,12.978846,77.584929,,0,,1,0.75852,0.77354
jn_2190851942,Junction 2190851942,junction,12.980454,77.579141,,0,,3,0.76823,0.85897
jn_2192012631,Junction 2192012631,junction,12.938273,77.628508,,0,,2,0.44127,0.61469
jn_2227865026,Junction 2227865026,junction,12.943217,77.597312,,0,,3,0.73132,0.68119
jn_2228006075,Junction 2228006075,junction,12.956382,77.577076,,0,,3,0.89128,0.83054
jn_2268121004,Junction 2268121004,junction,12.962332,77.628261,,0,,3,0.63352,0.52422
jn_2382044454,Junction 2382044454,junction,12.981902,77.594642,,0,,4,0.81555,0.82367
jn_2385104004,Junction 2385104004,junction,12.926667,77.6004,,0,,4,0.6349,0.61453
jn_2385133857,Junction 2385133857,junction,12.91658,77.623586,,0,,1,0.40543,0.44266
jn_2385133858,Junction 2385133858,junction,12.917347,77.623735,,0,,1,0.50397,0.46536
jn_2385141390,Junction 2385141390,junction,12.924187,77.647371,,0,,1,0.50803,0.3886
jn_2387123504,Junction 2387123504,junction,12.920811,77.664846,,0,,3,0.55842,0.45966
jn_2402241107,Junction 2402241107,junction,12.945988,77.527108,,0,,1,0.31094,0.39934
jn_2402397423,Junction 2402397423,junction,12.975764,77.564388,,0,,2,0.86175,0.87609
jn_2402397430,Junction 2402397430,junction,12.975962,77.564437,,0,,3,0.91206,0.83352
jn_2405870182,Junction 2405870182,junction,13.003208,77.619301,,0,,3,0.58423,0.67832
jn_2406966810,Junction 2406966810,junction,12.927546,77.680252,,0,,1,0.43904,0.38527
jn_2406966812,Junction 2406966812,junction,12.927626,77.680205,,0,,3,0.51132,0.52101
jn_2407745357,Junction 2407745357,junction,12.916221,77.634962,,0,,5,0.70773,0.58889
jn_2411279226,Junction 2411279226,junction,12.946033,77.526718,,0,,3,0.60748,0.57927
jn_2411279230,Junction 2411279230,junction,12.944033,77.530145,,0,,3,0.61035,0.69567
jn_2411279734,Junction 2411279734,junction,12.945933,77.526687,,0,,3,0.6541,0.65026
jn_2411848579,Junction 2411848579,junction,13.001862,77.663415,,0,,3,0.39971,0.44578
jn_2411859758,Junction 2411859758,junction,12.996225,77.667563,,0,,3,0.5864,0.44024
jn_2446058688,Junction 2446058688,junction,12.917808,77.564411,,0,,3,0.61594,0.61341
jn_2462943601,Junction 2462943601,junction,12.992192,77.600322,,0,,3,0.81913,0.77383
jn_2471287779,Junction 2471287779,junction,12.916944,77.629256,,0,,1,0.53652,0.4355
jn_2471287780,Junction 2471287780,junction,12.916824,77.629255,,0,,4,0.58644,0.57792
jn_2472174963,Junction 2472174963,junction,12.944809,77.607424,,0,,3,0.49188,0.59908
jn_2473493601,Junction 2473493601,junction,12.966239,77.606824,,0,,3,0.51832,0.67302
jn_2509423121,Junction 2509423121,junction,12.91655,77.622954,,0,,3,0.41314,0.46443
jn_2509423122,Junction 2509423122,junction,12.916068,77.623191,,0,,3,0.64717,0.54808
jn_2509428534,Junction 2509428534,junction,12.916854,77.621284,,0,,2,0.45669,0.47847
jn_2516269463,Junction 2516269463,junction,12.946725,77.524944,,0,,1,0.54316,0.55644
jn_2571434008,Junction 2571434008,junction,12.9257,77.625149,,0,,3,0.41392,0.45484
jn_2630925110,Junction 2630925110,junction,12.9975,77.584525,,0,,3,0.75744,0.72429
jn_2630925128,Junction 2630925128,junction,12.997015,77.584597,,0,,3,0.7129,0.83925
jn_2631157973,Junction 2631157973,junction,12.997792,77.584748,,0,,1,0.59848,0.72685
jn_2659540024,Junction 2659540024,junction,12.981103,77.568958,,0,,3,0.79829,0.75959
jn_3170006921,Junction 3170006921,junction,12.925788,77.676166,,0,,1,0.24992,0.31644
jn_3170033020,Junction 3170033020,junction,12.975219,77.625708,,0,,2,0.53905,0.66805
jn_3298493355,Junction 3298493355,junction,12.987122,77.648291,,0,,4,0.45258,0.5468
jn_3309317524,Junction 3309317524,junction,12.963845,77.585242,,0,,4,0.98615,0.9249
jn_3351054485,Junction 3351054485,junction,12.944489,77.529967,,0,,3,0.59652,0.59066
jn_3351393276,Junction 3351393276,junction,12.95272,77.541342,,0,,1,0.68416,0.71197
jn_3351393277,Junction 3351393277,junction,12.952626,77.541346,,0,,3,0.83903,0.76654
jn_3351393278,Junction 3351393278,junction,12.952748,77.541335,,0,,1,0.4917,0.53528
jn_3352035441,Junction 3352035441,junction,12.982879,77.63745,,0,,1,0.5718,0.46282
jn_3356003416,Junction 3356003416,junction,12.940641,77.573692,,0,,3,0.79559,0.69423
jn_3356003420,Junction 3356003420,junction,12.94176,77.57376,,0,,2,0.67147,0.70854
jn_3356003434,Junction 3356003434,junction,12.945645,77.573703,,0,,2,0.80808,0.80921
jn_3356616807,Junction 3356616807,junction,12.964378,77.588138,,0,,2,0.59839,0.74649
jn_3371785042,Junction 3371785042,junction,12.980311,77.572171,,0,,3,0.80037,0.82153
jn_3387938695,Junction 3387938695,junction,12.977585,77.607742,,0,,3,0.68171,0.6994
jn_3393612016,Junction 3393612016,junction,12.996852,77.573245,,0,,2,0.94917,0.83811
jn_3422938693,Junction 3422938693,junction,12.997749,77.58448,,0,,1,0.65167,0.62583
jn_3422938694,Junction 3422938694,junction,12.997802,77.58447,,0,,1,0.6729,0.69281
jn_3500889364,Junction 3500889364,junction,12.989533,77.571902,,0,,3,0.85785,0.89005
jn_3526181364,Junction 3526181364,junction,13.003861,77.617531,,0,,3,0.68109,0.6511
jn_3641907747,Junction 3641907747,junction,12.981354,77.596293,,0,,3,1.0,0.91376
jn_3677662641,Junction 3677662641,junction,12.963452,77.641573,,0,,2,0.34466,0.39521
jn_3740373535,Junction 3740373535,junction,12.916291,77.623486,,0,,3,0.52986,0.50917
jn_3740962222,Junction 3740962222,junction,12.977505,77.607591,,0,,4,0.78771,0.75786
jn_3740962430,Junction 3740962430,junction,12.977617,77.607637,,0,,3,0.68199,0.70805
jn_3740962448,Junction 3740962448,junction,12.97808,77.605859,,0,,3,0.87066,0.76574
jn_3740962455,Junction 3740962455,junction,12.978203,77.605905,,0,,3,0.67488,0.74853
jn_3740962463,Junction 3740962463,junction,12.97839,77.604902,,0,,3,0.78893,0.73403
jn_3740962472,Junction 3740962472,junction,12.978508,77.604943,,0,,3,0.576,0.67271
jn_3755575732,Junction 3755575732,junction,12.980506,77.573225,,0,,1,0.75852,0.87268
jn_3755576612,Junction 3755576612,junction,12.980186,77.571475,,0,,4,1.0,0.97814
jn_3755576616,Junction 3755576616,junction,12.9804,77.570922,,0,,3,0.70244,0.84185
jn_3755973278,Junction 3755973278,junction,12.980999,77.593757,,0,,3,0.79679,0.83026
jn_3756218751,Junction 3756218751,junction,12.981537,77.570501,,0,,3,0.93451,0.89391
jn_3756218772,Junction 3756218772,junction,12.982425,77.568237,,0,,5,0.93672,0.86681
jn_3800587387,Junction 3800587387,junction,13.008346,77.662547,,0,,1,0.3438,0.43816
jn_3800594551,Junction 3800594551,junction,12.996339,77.668285,,0,,4,0.51424,0.54943
jn_3803132067,Junction 3803132067,junction,12.941182,77.696385,,0,,1,0.40113,0.40402
jn_3803663193,Junction 3803663193,junction,12.920694,77.664948,,0,,3,0.32577,0.37813
jn_3805003790,Junction 3805003790,junction,12.917395,77.622926,,0,,3,0.5802,0.49388
jn_3820268530,Junction 3820268530,junction,12.975129,77.552382,,0,,2,0.63049,0.72022
jn_3943327591,Junction 3943327591,junction,12.974071,77.586556,,0,,3,0.85153,0.84352
jn_4029938937,Junction 4029938937,junction,13.009938,77.5838,,0,,1,0.63194,0.68823
jn_4030004338,Junction 4030004338,junction,12.993433,77.595605,,0,,3,0.70272,0.74171
jn_4044263600,Junction 4044263600,junction,12.974426,77.611184,,0,,3,0.73382,0.68269
jn_4105324822,Junction 4105324822,junction,12.917289,77.622951,,0,,5,0.66341,0.59436
jn_4307434915,Junction 4307434915,junction,12.956654,77.696381,,0,,2,0.43597,0.43618
jn_4307434916,Junction 4307434916,junction,12.956567,77.696399,,0,,1,0.30579,0.37899
jn_4380549643,Junction 4380549643,junction,12.970643,77.566452,,0,,3,0.77283,0.79522
jn_4380549647,Junction 4380549647,junction,12.970696,77.566411,,0,,4,0.93257,0.95236
jn_4397429402,Junction 4397429402,junction,12.916863,77.596815,,0,,3,0.5803,0.56064
jn_4577065037,Junction 4577065037,junction,12.999477,77.619974,,0,,3,0.55106,0.60281
jn_4582284826,Junction 4582284826,junction,12.917736,77.57359,,0,,3,0.62694,0.59848
jn_4620958796,Junction 4620958796,junction,12.892181,77.566219,,0,,2,0.36952,0.36303
jn_4696742456,Junction 4696742456,junction,12.986811,77.520471,,0,,1,0.54731,0.54589
jn_4701311831,Junction 4701311831,junction,12.91666,77.599648,,0,,3,0.42385,0.3876
jn_4703697696,Junction 4703697696,junction,12.975872,77.564395,,0,,3,0.94318,0.94578
jn_4703745954,Junction 4703745954,junction,12.965855,77.662218,,0,,3,0.57761,0.40371
jn_4703745979,Junction 4703745979,junction,12.958482,77.666296,,0,,4,0.26984,0.40961
jn_4730100137,Junction 4730100137,junction,12.920644,77.562103,,0,,3,0.60095,0.61629
jn_4730100143,Junction 4730100143,junction,12.92195,77.55944,,0,,3,0.77905,0.73881
jn_4761188837,Junction 4761188837,junction,12.927506,77.620879,,0,,4,0.64526,0.54915
jn_4761188838,Junction 4761188838,junction,12.927561,77.621032,,0,,4,0.77568,0.56925
jn_4761188839,Junction 4761188839,junction,12.927464,77.620991,,0,,4,0.51425,0.50362
jn_4829124435,Junction 4829124435,junction,12.91719,77.580239,,0,,3,0.51633,0.52002
jn_4830093911,Junction 4830093911,junction,12.940019,77.57297,,0,,2,0.58754,0.64004
jn_4845178134,Junction 4845178134,junction,12.944056,77.607553,,0,,2,0.52814,0.55775
jn_4903183637,Junction 4903183637,junction,12.967091,77.610968,,0,,4,0.74258,0.79192
jn_4937863371,Junction 4937863371,junction,13.004992,77.571223,,0,,3,0.62077,0.77821
jn_4937863372,Junction 4937863372,junction,13.00285,77.571272,,0,,2,0.66657,0.73647
jn_4937863377,Junction 4937863377,junction,12.996991,77.569448,,0,,3,0.64134,0.74486
jn_4960830631,Junction 4960830631,junction,12.98068,77.598041,,0,,4,0.58768,0.76009
jn_4976834425,Junction 4976834425,junction,12.971951,77.658319,,0,,3,0.49165,0.43151
jn_4976834447,Junction 4976834447,junction,12.981346,77.650692,,0,,3,0.39492,0.37252
jn_5011416423,Junction 5011416423,junction,12.940634,77.573804,,0,,4,0.69521,0.73309
jn_5067333236,Junction 5067333236,junction,12.918105,77.622717,,0,,3,0.58277,0.54329
jn_5281838501,Junction 5281838501,junction,13.006294,77.621039,,0,,1,0.62848,0.58987
jn_5346634656,Junction 5346634656,junction,12.96152,77.559377,,0,,3,0.80367,0.86925
jn_5346634658,Junction 5346634658,junction,12.961404,77.559404,,0,,1,0.59826,0.69861
jn_5370756307,Junction 5370756307,junction,12.929853,77.684622,,0,,2,0.27153,0.38187
jn_5370844739,Junction 5370844739,junction,12.980272,77.694197,,0,,3,0.35934,0.44706
jn_5372340496,Junction 5372340496,junction,12.920882,77.666087,,0,,1,0.37887,0.4215
jn_5396225498,Junction 5396225498,junction,13.006152,77.593074,,0,,1,0.66019,0.64234
jn_5398408451,Junction 5398408451,junction,12.927812,77.680585,,0,,3,0.54534,0.43903
jn_5558663790,Junction 5558663790,junction,12.974031,77.550986,,0,,2,0.7269,0.74531
jn_5558663791,Junction 5558663791,junction,12.974588,77.548965,,0,,3,0.99256,0.90037
jn_5558663792,Junction 5558663792,junction,12.973827,77.541858,,0,,3,0.81063,0.85832
jn_5558684074,Junction 5558684074,junction,12.978087,77.62836,,0,,3,0.60952,0.64251
jn_5558684078,Junction 5558684078,junction,12.954002,77.543495,,0,,3,0.73702,0.70665
jn_5558684093,Junction 5558684093,junction,12.999818,77.571342,,0,,3,0.87577,0.88314
jn_5558684094,Junction 5558684094,junction,12.961211,77.575089,,0,,4,0.94924,0.84843
jn_5558684104,Junction 5558684104,junction,13.001314,77.594446,,0,,3,0.72295,0.76214
jn_5558684129,Junction 5558684129,junction,12.97867,77.573193,,0,,3,0.74205,0.95243
jn_5559151372,Junction 5559151372,junction,12.972124,77.53778,,0,,5,0.82752,0.66611
jn_5559151374,Junction 5559151374,junction,12.965188,77.534966,,0,,2,0.48415,0.59037
jn_5639672729,Junction 5639672729,junction,12.961053,77.641713,,0,,3,0.58799,0.54589
jn_5773497557,Junction 5773497557,junction,12.911349,77.68292,,0,,3,0.37062,0.37804
jn_5774292417,Junction 5774292417,junction,12.920387,77.665435,,0,,3,0.34641,0.38416
jn_5774293614,Junction 5774293614,junction,12.920514,77.665537,,0,,3,0.50418,0.44587
jn_5776596292,Junction 5776596292,junction,12.912772,77.680173,,0,,3,0.3986,0.49192
jn_5776756937,Junction 5776756937,junction,12.918797,77.668929,,0,,3,0.24494,0.38118
jn_5960671740,Junction 5960671740,junction,12.927637,77.621061,,0,,2,0.54055,0.49097
jn_5965902017,Junction 5965902017,junction,12.920231,77.620865,,0,,2,0.57225,0.49798
jn_6017833813,Junction 6017833813,junction,12.937249,77.627005,,0,,3,0.50175,0.58974
jn_6130070511,Junction 6130070511,junction,12.912872,77.68022,,0,,3,0.24365,0.46496
jn_6130636339,Junction 6130636339,junction,12.917921,77.622197,,0,,3,0.29452,0.33284
jn_6130764691,Junction 6130764691,junction,12.916445,77.635082,,0,,1,0.375,0.33943
jn_6132913640,Junction 6132913640,junction,12.963423,77.641673,,0,,3,0.73629,0.61423
jn_6137413199,Junction 6137413199,junction,12.907057,77.573273,,0,,3,0.49201,0.49781
jn_6137525100,Junction 6137525100,junction,12.923118,77.624256,,0,,3,0.54085,0.498
jn_6137525101,Junction 6137525101,junction,12.923024,77.624295,,0,,3,0.35549,0.41018
jn_6164077017,Junction 6164077017,junction,12.995326,77.550968,,0,,1,0.77747,0.77879
jn_6168147249,Junction 6168147249,junction,12.925509,77.54967,,0,,3,0.53501,0.60488
jn_6182547078,Junction 6182547078,junction,13.000272,77.678924,,0,,3,0.47129,0.49601
jn_6195907989,Junction 6195907989,junction,12.98396,77.691934,,0,,3,0.42367,0.44451
jn_6196977039,Junction 6196977039,junction,12.912663,77.625654,,0,,1,0.19493,0.3966
jn_6212001626,Junction 6212001626,junction,12.902643,77.631517,,0,,4,0.52699,0.57511
jn_6261560648,Junction 6261560648,junction,12.903099,77.704624,,0,,1,0.2765,0.40778
jn_6342124094,Junction 6342124094,junction,12.9767,77.696367,,0,,1,0.64815,0.48565
jn_6342124101,Junction 6342124101,junction,12.976757,77.696521,,0,,1,0.37387,0.43704
jn_6454765746,Junction 6454765746,junction,12.938782,77.610025,,0,,3,0.56661,0.59471
jn_6454765747,Junction 6454765747,junction,12.938731,77.609917,,0,,4,0.64789,0.62511
jn_6458424298,Junction 6458424298,junction,12.918826,77.599967,,0,,3,0.41205,0.40966
jn_6460998724,Junction 6460998724,junction,12.983947,77.691834,,0,,1,0.45761,0.3351
jn_6462712324,Junction 6462712324,junction,12.924932,77.62698,,0,,3,0.43992,0.4852
jn_6462712325,Junction 6462712325,junction,12.925029,77.627023,,0,,3,0.41903,0.48736
jn_6463361105,Junction 6463361105,junction,12.975918,77.65573,,0,,3,0.41719,0.42714
jn_6463361106,Junction 6463361106,junction,12.975873,77.655684,,0,,3,0.31689,0.41172
jn_6463569335,Junction 6463569335,junction,12.92447,77.649974,,0,,4,0.39191,0.46589
jn_6474747113,Junction 6474747113,junction,12.94542,77.528066,,0,,1,0.49566,0.44288
jn_6484995887,Junction 6484995887,junction,12.934718,77.537573,,0,,4,0.52953,0.68515
jn_6484995894,Junction 6484995894,junction,12.933023,77.540308,,0,,2,0.69771,0.57637
jn_6485070843,Junction 6485070843,junction,12.970244,77.641238,,0,,1,0.5187,0.50383
jn_6504283888,Junction 6504283888,junction,12.979797,77.65201,,0,,3,0.48602,0.49819
jn_6504283889,Junction 6504283889,junction,12.97975,77.651954,,0,,3,0.49708,0.48745
jn_6518859300,Junction 6518859300,junction,12.916353,77.616305,,0,,2,0.52603,0.50392
jn_6758638990,Junction 6758638990,junction,12.985986,77.690942,,0,,1,0.35274,0.36791
jn_6768492744,Junction 6768492744,junction,12.964056,77.561248,,0,,3,0.83101,0.80203
jn_6785135507,Junction 6785135507,junction,12.903208,77.704594,,0,,1,0.33187,0.25065
jn_6852266950,Junction 6852266950,junction,12.922211,77.558569,,0,,3,0.63785,0.62814
jn_6884057005,Junction 6884057005,junction,12.958465,77.666401,,0,,5,0.69627,0.51963
jn_6884196049,Junction 6884196049,junction,12.902726,77.631661,,0,,3,0.38983,0.43863
jn_6884208291,Junction 6884208291,junction,12.918729,77.669146,,0,,3,0.52403,0.54541
jn_6894860920,Junction 6894860920,junction,12.962356,77.594572,,0,,3,0.77829,0.70617
jn_6904207694,Junction 6904207694,junction,12.93064,77.543272,,0,,3,0.84088,0.65684
jn_6904892124,Junction 6904892124,junction,12.985098,77.572064,,0,,3,0.92747,0.84171
jn_6904892154,Junction 6904892154,junction,12.982862,77.571136,,0,,3,0.72118,0.80941
jn_6904901489,Junction 6904901489,junction,12.982782,77.568645,,0,,3,0.90887,0.91533
jn_6914123407,Junction 6914123407,junction,12.898763,77.634086,,0,,3,0.6029,0.47119
jn_6914123408,Junction 6914123408,junction,12.898814,77.634191,,0,,1,0.3111,0.33322
jn_6991440387,Junction 6991440387,junction,12.962383,77.594817,,0,,3,0.53526,0.64043
jn_7105069820,Junction 7105069820,junction,12.957382,77.559255,,0,,3,0.79531,0.71533
jn_7124643395,Junction 7124643395,junction,12.967702,77.536129,,0,,3,0.62676,0.83774
jn_7142097531,Junction 7142097531,junction,13.000909,77.611683,,0,,4,0.61056,0.58892
jn_7142722739,Junction 7142722739,junction,12.975733,77.564625,,0,,3,0.80805,0.87028
jn_7236205673,Junction 7236205673,junction,12.995375,77.550818,,0,,3,0.88175,0.83402
jn_7260788996,Junction 7260788996,junction,13.006111,77.593013,,0,,1,0.68281,0.72085
jn_7262972972,Junction 7262972972,junction,12.938435,77.633312,,0,,2,0.47208,0.53544
jn_7276500276,Junction 7276500276,junction,12.977182,77.585548,,0,,2,1.0,0.92402
jn_7277381418,Junction 7277381418,junction,12.925074,77.634839,,0,,3,0.49627,0.51501
jn_7279246841,Junction 7279246841,junction,12.925174,77.636388,,0,,3,0.51869,0.46297
jn_7279481220,Junction 7279481220,junction,12.894248,77.514398,,0,,1,0.47649,0.48286
jn_7279481222,Junction 7279481222,junction,12.894323,77.51433,,0,,1,0.52495,0.51221
jn_7280461394,Junction 7280461394,junction,13.00552,77.593239,,0,,2,0.8116,0.77823
jn_7287518216,Junction 7287518216,junction,12.917095,77.585748,,0,,1,0.65364,0.52527
jn_7287518236,Junction 7287518236,junction,12.917036,77.5836,,0,,3,0.61788,0.61029
jn_7287551941,Junction 7287551941,junction,12.936532,77.575407,,0,,3,0.71112,0.69039
jn_7287551945,Junction 7287551945,junction,12.93759,77.575417,,0,,3,0.80027,0.6329
jn_7287571766,Junction 7287571766,junction,12.916749,77.59689,,0,,3,0.732,0.5758
jn_7287984426,Junction 7287984426,junction,12.930824,77.576208,,0,,4,0.72226,0.73864
jn_7288010086,Junction 7288010086,junction,12.931807,77.575744,,0,,3,0.68719,0.55601
jn_7434977622,Junction 7434977622,junction,13.006317,77.620965,,0,,1,0.54428,0.50772
jn_7456579066,Junction 7456579066,junction,12.9348,77.537631,,0,,1,0.50644,0.55881
jn_7478154680,Junction 7478154680,junction,12.907328,77.694978,,0,,3,0.50099,0.51948
jn_7479003431,Junction 7479003431,junction,12.957189,77.674395,,0,,3,0.57555,0.45323
jn_7479071341,Junction 7479071341,junction,12.924485,77.618043,,0,,3,0.41432,0.42244
jn_7483782046,Junction 7483782046,junction,12.943533,77.573909,,0,,3,0.79881,0.769
jn_7483782050,Junction 7483782050,junction,12.943701,77.574073,,0,,1,0.77066,0.70329
jn_7697940570,Junction 7697940570,junction,12.977814,77.606635,,0,,3,0.835,0.76199
jn_7697940571,Junction 7697940571,junction,12.975253,77.614431,,0,,3,0.47584,0.63456
jn_7736381406,Junction 7736381406,junction,12.911269,77.682878,,0,,1,0.25485,0.21956
jn_8044105316,Junction 8044105316,junction,13.001371,77.618737,,0,,3,0.28137,0.5174
jn_8239947030,Junction 8239947030,junction,12.917148,77.587894,,0,,3,0.47751,0.60317
jn_8239947052,Junction 8239947052,junction,12.917018,77.589352,,0,,3,0.52535,0.57098
jn_8239947053,Junction 8239947053,junction,12.91704,77.587891,,0,,4,0.62068,0.57599
jn_8239947075,Junction 8239947075,junction,12.917111,77.589349,,0,,2,0.42577,0.54906
jn_9300140602,Junction 9300140602,junction,13.000717,77.54957,,0,,3,0.71666,0.64961
jn_9351941622,Junction 9351941622,junction,12.985788,77.644994,,0,,4,0.65688,0.60512
jn_9355575100,Junction 9355575100,junction,12.964317,77.576945,,0,,3,0.97356,0.93334
jn_9363518171,Junction 9363518171,junction,12.970424,77.610287,,0,,1,0.52452,0.59086
jn_9506746889,Junction 9506746889,junction,12.929611,77.615595,,0,,3,0.4711,0.49307
jn_9509948867,Junction 9509948867,junction,12.896662,77.635093,,0,,1,0.5172,0.34477
jn_9509948868,Junction 9509948868,junction,12.896697,77.635178,,0,,4,0.51519,0.49779
jn_9593357279,Junction 9593357279,junction,12.912629,77.625544,,0,,3,0.44335,0.48048
jn_9632587591,Junction 9632587591,junction,12.985918,77.54921,,0,,1,0.88348,0.70238
jn_9632587601,Junction 9632587601,junction,12.985758,77.54936,,0,,4,0.73,0.85537
jn_9632587606,Junction 9632587606,junction,12.991027,77.550968,,0,,2,0.76123,0.71877
jn_9644745253,Junction 9644745253,junction,12.907302,77.60064,,0,,3,0.41638,0.49966
jn_9708788396,Junction 9708788396,junction,12.957112,77.674375,,0,,4,0.48052,0.35444
jn_9713090749,Junction 9713090749,junction,12.977543,77.62737,,0,,3,0.67287,0.55091
jn_9713090750,Junction 9713090750,junction,12.977464,77.627448,,0,,3,0.6785,0.55202
jn_9797838896,Junction 9797838896,junction,12.911459,77.62612,,0,,4,0.44408,0.46072
jn_9840444265,Junction 9840444265,junction,12.976923,77.654685,,0,,3,0.44814,0.48356
jn_9870839677,Junction 9870839677,junction,12.981635,77.570332,,0,,3,0.80556,0.88116
jn_9870839694,Junction 9870839694,junction,12.982025,77.570201,,0,,3,0.96706,0.95971
jn_9870839700,Junction 9870839700,junction,12.982374,77.569218,,0,,3,0.8724,0.92983
jn_9870839712,Junction 9870839712,junction,12.968391,77.613855,,0,,3,0.68,0.66101
jn_9870882717,Junction 9870882717,junction,12.9686,77.613833,,0,,3,0.58669,0.74238
jn_9872645115,Junction 9872645115,junction,12.991232,77.550991,,0,,2,0.83757,0.76733
jn_9910066830,Junction 9910066830,junction,12.966085,77.598083,,0,,4,0.94264,0.87418
jn_10001402819,Junction 10001402819,junction,12.977881,77.606849,,0,,2,0.58188,0.62066
jn_10001436746,Junction 10001436746,junction,12.948172,77.574039,,0,,3,0.76619,0.7147
jn_10001436747,Junction 10001436747,junction,12.947934,77.573777,,0,,3,0.93939,0.78547
jn_10001768724,Junction 10001768724,junction,12.956564,77.577408,,0,,1,0.73487,0.81736
jn_10001906065,Junction 10001906065,junction,12.939559,77.531762,,0,,3,0.53941,0.57602
jn_10011206080,Junction 10011206080,junction,12.973977,77.612606,,0,,2,0.69979,0.60547
jn_10015684285,Junction 10015684285,junction,12.979885,77.571103,,0,,1,0.69542,0.77507
jn_10016225540,Junction 10016225540,junction,12.983508,77.591732,,0,,3,0.83543,0.84299
jn_10016225575,Junction 10016225575,junction,12.983155,77.592341,,0,,1,0.88166,0.84839
jn_10020593111,Junction 10020593111,junction,13.002606,77.616378,,0,,3,0.58573,0.67329
jn_10042490427,Junction 10042490427,junction,12.975656,77.554711,,0,,4,0.72062,0.84969
jn_10042490435,Junction 10042490435,junction,12.975645,77.554346,,0,,2,0.82379,0.77254
jn_10043357422,Junction 10043357422,junction,12.966217,77.606723,,0,,3,0.82083,0.69641
jn_10043935988,Junction 10043935988,junction,12.924684,77.618208,,0,,4,0.47494,0.52031
jn_10043935989,Junction 10043935989,junction,12.924605,77.618251,,0,,4,0.25278,0.41079
jn_10044013422,Junction 10044013422,junction,12.968066,77.587361,,0,,3,0.80725,0.8251
jn_10054362309,Junction 10054362309,junction,12.995388,77.550729,,0,,3,0.89205,0.85718
jn_10054362316,Junction 10054362316,junction,12.991956,77.551112,,0,,1,0.70782,0.7028
jn_10056058173,Junction 10056058173,junction,12.928188,77.680761,,0,,1,0.21686,0.27867
jn_10056058174,Junction 10056058174,junction,12.928109,77.68079,,0,,3,0.51188,0.45762
jn_10073477368,Junction 10073477368,junction,12.954361,77.591628,,0,,2,0.90524,0.74177
jn_10075533183,Junction 10075533183,junction,12.973684,77.613826,,0,,3,0.77375,0.72391
jn_10075533189,Junction 10075533189,junction,12.977275,77.608716,,0,,2,0.65917,0.73492
jn_10076140416,Junction 10076140416,junction,12.975396,77.614389,,0,,3,0.80968,0.85448
jn_10081538827,Junction 10081538827,junction,12.916776,77.621518,,0,,2,0.33998,0.52233
jn_10089395705,Junction 10089395705,junction,12.922303,77.558556,,0,,3,0.58068,0.65141
jn_10091564875,Junction 10091564875,junction,12.918826,77.600105,,0,,3,0.4144,0.47833
jn_10091900775,Junction 10091900775,junction,12.970012,77.659466,,0,,2,0.66232,0.48964
jn_10100128579,Junction 10100128579,junction,12.99382,77.573954,,0,,3,0.98367,0.80462
jn_10118500634,Junction 10118500634,junction,12.916016,77.623803,,0,,2,0.23993,0.37143
jn_10121033916,Junction 10121033916,junction,12.983192,77.595861,,0,,4,0.96298,0.87991
jn_10121050217,Junction 10121050217,junction,12.983248,77.595747,,0,,4,0.61302,0.7509
jn_10121296057,Junction 10121296057,junction,12.977846,77.590735,,0,,4,0.79738,0.92821
jn_10123822807,Junction 10123822807,junction,12.916236,77.615891,,0,,3,0.53713,0.53796
jn_10147078393,Junction 10147078393,junction,12.924633,77.674026,,0,,4,0.68471,0.49473
jn_10154170779,Junction 10154170779,junction,12.951189,77.573768,,0,,3,0.75809,0.70408
jn_10177532404,Junction 10177532404,junction,12.972921,77.617617,,0,,3,0.62078,0.68493
jn_10198856004,Junction 10198856004,junction,12.99664,77.683278,,0,,1,0.1967,0.2884
jn_10198856005,Junction 10198856005,junction,12.99671,77.68339,,0,,3,0.57558,0.46562
jn_10282769895,Junction 10282769895,junction,12.921081,77.620374,,0,,4,0.74484,0.61312
jn_10282769905,Junction 10282769905,junction,12.918108,77.622508,,0,,3,0.54091,0.50098
jn_10282769907,Junction 10282769907,junction,12.918505,77.622185,,0,,3,0.33455,0.3826
jn_10282796509,Junction 10282796509,junction,12.917374,77.622828,,0,,4,0.49541,0.53519
jn_10282796511,Junction 10282796511,junction,12.917301,77.622597,,0,,4,0.39691,0.54258
jn_10588574300,Junction 10588574300,junction,12.958227,77.666388,,0,,3,0.45069,0.51599
jn_10588579709,Junction 10588579709,junction,12.958253,77.666268,,0,,3,0.4292,0.39142
jn_10601663791,Junction 10601663791,junction,12.98425,77.596999,,0,,4,0.66961,0.81435
jn_10648669088,Junction 10648669088,junction,12.958135,77.668122,,0,,3,0.48373,0.46723
jn_10676264308,Junction 10676264308,junction,12.962397,77.628291,,0,,3,0.48223,0.57609
jn_10684915914,Junction 10684915914,junction,12.979315,77.602424,,0,,3,0.87629,0.77118
jn_10695037231,Junction 10695037231,junction,12.936968,77.531769,,0,,3,0.54251,0.66576
jn_10705897751,Junction 10705897751,junction,12.930333,77.622018,,0,,2,0.4691,0.51469
jn_10706381573,Junction 10706381573,junction,12.938567,77.633303,,0,,3,0.4163,0.44442
jn_10706501852,Junction 10706501852,junction,12.976879,77.609918,,0,,2,0.76166,0.73276
jn_10775075568,Junction 10775075568,junction,12.921014,77.620247,,0,,3,0.50422,0.4946
jn_10781678444,Junction 10781678444,junction,12.986018,77.690813,,0,,3,0.4552,0.46591
jn_10792812731,Junction 10792812731,junction,12.917586,77.574757,,0,,3,0.4031,0.47814
jn_10814827774,Junction 10814827774,junction,12.98247,77.563614,,0,,2,0.97095,0.8805
jn_10841729419,Junction 10841729419,junction,12.975563,77.574674,,0,,3,0.97918,0.87406
jn_10848486797,Junction 10848486797,junction,13.00361,77.618109,,0,,3,0.70581,0.58144
jn_10848486804,Junction 10848486804,junction,13.003658,77.618119,,0,,3,0.63704,0.67522
jn_10848498207,Junction 10848498207,junction,13.003633,77.618216,,0,,1,0.55253,0.57602
jn_10848498213,Junction 10848498213,junction,13.003835,77.617596,,0,,3,0.60201,0.603
jn_10853180817,Junction 10853180817,junction,12.916688,77.599005,,0,,3,0.4161,0.51156
jn_10855370147,Junction 10855370147,junction,12.917256,77.622803,,0,,3,0.4023,0.46912
jn_10861673593,Junction 10861673593,junction,12.9563,77.577375,,0,,2,0.7534,0.75355
jn_10978687876,Junction 10978687876,junction,12.976127,77.587661,,0,,3,0.75706,0.77907
jn_10980051591,Junction 10980051591,junction,12.976003,77.587393,,0,,3,0.69882,0.82904
jn_11054990209,Junction 11054990209,junction,12.98209,77.569947,,0,,3,0.74282,0.88333
jn_11054998686,Junction 11054998686,junction,12.982546,77.570079,,0,,3,0.91552,0.86186
jn_11055003321,Junction 11055003321,junction,12.981212,77.569094,,0,,3,0.83404,0.87469
jn_11065716857,Junction 11065716857,junction,12.980974,77.574652,,0,,1,0.77531,0.89685
jn_11070754935,Junction 11070754935,junction,12.924864,77.674113,,0,,3,0.37916,0.46132
jn_11070754936,Junction 11070754936,junction,12.924936,77.67407,,0,,1,0.37302,0.3423
jn_11150162310,Junction 11150162310,junction,12.928102,77.546155,,0,,2,0.85848,0.75589
jn_11152753307,Junction 11152753307,junction,12.974719,77.548213,,0,,3,0.95145,0.87047
jn_11152753310,Junction 11152753310,junction,12.974819,77.548533,,0,,3,0.77564,0.83796
jn_11187974841,Junction 11187974841,junction,12.978422,77.640813,,0,,3,0.43951,0.57032
jn_11220661003,Junction 11220661003,junction,12.910997,77.683739,,0,,3,0.55087,0.46531
jn_11220661004,Junction 11220661004,junction,12.911094,77.683786,,0,,3,0.60915,0.47065
jn_11260020609,Junction 11260020609,junction,12.928349,77.681697,,0,,3,0.29572,0.53261
jn_11260020610,Junction 11260020610,junction,12.928164,77.681577,,0,,1,0.24721,0.33032
jn_11268507385,Junction 11268507385,junction,12.890533,77.59806,,0,,1,0.62442,0.58281
jn_11278822050,Junction 11278822050,junction,12.945721,77.52704,,0,,1,0.54671,0.46655
jn_11283487985,Junction 11283487985,junction,12.973471,77.610261,,0,,3,0.56057,0.7138
jn_11306430808,Junction 11306430808,junction,12.931689,77.61375,,0,,4,0.58762,0.56275
jn_11306430809,Junction 11306430809,junction,12.931655,77.613866,,0,,3,0.48273,0.41574
jn_11308901218,Junction 11308901218,junction,12.906528,77.573334,,0,,4,0.35446,0.50998
jn_11308901219,Junction 11308901219,junction,12.906563,77.573184,,0,,4,0.44927,0.53181
jn_11308901220,Junction 11308901220,junction,12.906446,77.573196,,0,,4,0.53524,0.58536
jn_11308901224,Junction 11308901224,junction,12.906421,77.573342,,0,,4,0.44517,0.47883
jn_11342970531,Junction 11342970531,junction,12.982727,77.597151,,0,,3,0.9125,0.80641
jn_11385274476,Junction 11385274476,junction,12.970068,77.641249,,0,,3,0.51901,0.48292
jn_11405479407,Junction 11405479407,junction,12.958576,77.66506,,0,,3,0.42447,0.47954
jn_11420343302,Junction 11420343302,junction,12.97294,77.581306,,0,,3,0.87394,0.85173
jn_11425338076,Junction 11425338076,junction,12.967088,77.594602,,0,,3,0.90463,0.92061
jn_11428038812,Junction 11428038812,junction,12.93678,77.692824,,0,,1,0.3912,0.42213
jn_11428038813,Junction 11428038813,junction,12.936862,77.692744,,0,,3,0.61026,0.4885
jn_11428038814,Junction 11428038814,junction,12.935907,77.691862,,0,,2,0.40518,0.44145
jn_11428038815,Junction 11428038815,junction,12.936089,77.691907,,0,,3,0.4312,0.43926
jn_11428038816,Junction 11428038816,junction,12.934043,77.689348,,0,,1,0.29939,0.1728
jn_11428038817,Junction 11428038817,junction,12.933959,77.689409,,0,,3,0.36564,0.41701
jn_11432437448,Junction 11432437448,junction,12.973766,77.613953,,0,,4,0.76753,0.70525
jn_11432437452,Junction 11432437452,junction,12.975276,77.614349,,0,,4,0.67016,0.68171
jn_11432458994,Junction 11432458994,junction,12.973658,77.613926,,0,,3,0.58493,0.60854
jn_11432458996,Junction 11432458996,junction,12.973788,77.613855,,0,,4,0.71029,0.66148
jn_11451187932,Junction 11451187932,junction,13.002359,77.614535,,0,,3,0.57542,0.58002
jn_11469851352,Junction 11469851352,junction,12.999783,77.619649,,0,,3,0.62194,0.56529
jn_11494185468,Junction 11494185468,junction,12.924812,77.633992,,0,,3,0.52809,0.52394
jn_11494201269,Junction 11494201269,junction,12.924936,77.633992,,0,,3,0.52114,0.4988
jn_11494406068,Junction 11494406068,junction,12.966781,77.66158,,0,,3,0.32649,0.39891
jn_11494414328,Junction 11494414328,junction,12.978337,77.640817,,0,,2,0.43278,0.48002
jn_11494414329,Junction 11494414329,junction,12.97834,77.640917,,0,,4,0.64561,0.59983
jn_11494414330,Junction 11494414330,junction,12.978424,77.640913,,0,,2,0.68539,0.58887
jn_11497616783,Junction 11497616783,junction,12.9702,77.641239,,0,,1,0.63515,0.52923
jn_11509998741,Junction 11509998741,junction,12.928531,77.681724,,0,,3,0.6828,0.48803
jn_11509998750,Junction 11509998750,junction,12.932093,77.68733,,0,,4,0.63339,0.462
jn_11594569879,Junction 11594569879,junction,12.982884,77.637469,,0,,2,0.45382,0.5414
jn_11594592050,Junction 11594592050,junction,12.974561,77.572263,,0,,4,0.95159,0.87044
jn_11626423748,Junction 11626423748,junction,12.981595,77.631083,,0,,1,0.41587,0.56418
jn_11626423750,Junction 11626423750,junction,12.981432,77.631129,,0,,3,0.4976,0.42592
jn_11664293096,Junction 11664293096,junction,12.914519,77.624392,,0,,3,0.37707,0.44607
jn_11664358424,Junction 11664358424,junction,12.990519,77.599566,,0,,3,0.91292,0.83527
jn_11688206891,Junction 11688206891,junction,12.954348,77.544161,,0,,2,0.69655,0.74355
jn_11707460711,Junction 11707460711,junction,12.972304,77.619476,,0,,1,0.44792,0.49656
jn_11727919672,Junction 11727919672,junction,12.981169,77.569554,,0,,4,0.28046,0.69813
jn_11731358826,Junction 11731358826,junction,12.979539,77.58187,,0,,2,1.0,0.93891
jn_11809900885,Junction 11809900885,junction,12.924191,77.628729,,0,,4,0.56769,0.48788
jn_11809900886,Junction 11809900886,junction,12.924283,77.628792,,0,,3,0.49538,0.4429
jn_11841864042,Junction 11841864042,junction,13.002009,77.612154,,0,,3,0.65604,0.58021
jn_11846388767,Junction 11846388767,junction,12.921535,77.56011,,0,,1,0.70584,0.60676
jn_11846423569,Junction 11846423569,junction,12.921789,77.559967,,0,,3,0.58119,0.64678
jn_11846423571,Junction 11846423571,junction,12.921524,77.560207,,0,,1,0.65256,0.49168
jn_11846423573,Junction 11846423573,junction,12.921717,77.56042,,0,,3,0.58684,0.59479
jn_11846423575,Junction 11846423575,junction,12.921996,77.560022,,0,,3,0.4282,0.53939
jn_11846423578,Junction 11846423578,junction,12.922146,77.560208,,0,,1,0.6049,0.52448
jn_11846775959,Junction 11846775959,junction,13.001572,77.663435,,0,,3,0.7274,0.58264
jn_11846775960,Junction 11846775960,junction,13.001576,77.663542,,0,,1,0.3432,0.34943
jn_11854316017,Junction 11854316017,junction,12.974336,77.611093,,0,,3,0.71534,0.75405
jn_11854316018,Junction 11854316018,junction,12.974317,77.611164,,0,,4,0.67914,0.63843
jn_11854316021,Junction 11854316021,junction,12.970401,77.610303,,0,,1,0.72041,0.68946
jn_11854384388,Junction 11854384388,junction,12.980911,77.593863,,0,,3,0.86547,0.80336
jn_11854384389,Junction 11854384389,junction,12.98079,77.593754,,0,,3,0.78548,0.80411
jn_11854384390,Junction 11854384390,junction,12.980884,77.593645,,0,,3,0.78979,0.82843
jn_11865827584,Junction 11865827584,junction,12.921281,77.662394,,0,,3,0.44871,0.35742
jn_11868178724,Junction 11868178724,junction,12.981997,77.564738,,0,,3,0.95784,0.81556
jn_11868178727,Junction 11868178727,junction,12.982252,77.564991,,0,,1,0.76558,0.77637
jn_11868458683,Junction 11868458683,junction,12.975136,77.548564,,0,,1,0.70769,0.85
jn_11873241829,Junction 11873241829,junction,12.960076,77.532987,,0,,3,0.8787,0.66916
jn_11873442663,Junction 11873442663,junction,12.984307,77.691859,,0,,3,0.38617,0.38484
jn_11873442664,Junction 11873442664,junction,12.984276,77.691988,,0,,1,0.42563,0.38582
jn_11873774240,Junction 11873774240,junction,12.923652,77.671752,,0,,3,0.51849,0.52362
jn_11873939567,Junction 11873939567,junction,12.978136,77.549077,,0,,1,0.86007,0.79033
jn_11888422024,Junction 11888422024,junction,12.973187,77.581144,,0,,2,1.0,0.91589
jn_11889038534,Junction 11889038534,junction,12.963869,77.583866,,0,,3,0.92951,0.82576
jn_11889038543,Junction 11889038543,junction,12.963429,77.582745,,0,,3,0.62647,0.79783
jn_11890386335,Junction 11890386335,junction,12.986444,77.690409,,0,,4,0.4827,0.47684
jn_11890386336,Junction 11890386336,junction,12.986353,77.690325,,0,,1,0.37706,0.32591
jn_11890755678,Junction 11890755678,junction,13.004973,77.684687,,0,,3,0.44553,0.45574
jn_11890755679,Junction 11890755679,junction,13.005061,77.684633,,0,,2,0.37691,0.38369
jn_11891038829,Junction 11891038829,junction,12.951237,77.537288,,0,,3,0.67374,0.68621
jn_11891177921,Junction 11891177921,junction,12.952033,77.537116,,0,,4,0.61719,0.59291
jn_11891177922,Junction 11891177922,junction,12.951999,77.536987,,0,,4,0.63161,0.72665
jn_11891258386,Junction 11891258386,junction,12.953703,77.536331,,0,,4,0.6153,0.66979
jn_11891274609,Junction 11891274609,junction,12.952671,77.536798,,0,,3,0.71603,0.81734
jn_11891274610,Junction 11891274610,junction,12.952707,77.536893,,0,,3,0.90058,0.70841
jn_11892824101,Junction 11892824101,junction,12.917478,77.640833,,0,,1,0.28568,0.39967
jn_11892824102,Junction 11892824102,junction,12.917503,77.641042,,0,,4,0.44049,0.48659
jn_11896602258,Junction 11896602258,junction,12.910957,77.59989,,0,,1,0.35232,0.31241
jn_11896602259,Junction 11896602259,junction,12.910965,77.599982,,0,,3,0.49889,0.41395
jn_11898860861,Junction 11898860861,junction,12.99689,77.569451,,0,,2,0.82667,0.82995
jn_11903564939,Junction 11903564939,junction,12.924285,77.649997,,0,,1,0.20477,0.32326
jn_11912120361,Junction 11912120361,junction,12.980465,77.630238,,0,,3,0.63886,0.53435
jn_11912120362,Junction 11912120362,junction,12.980494,77.630199,,0,,3,0.61487,0.63165
jn_11915994481,Junction 11915994481,junction,12.97623,77.611874,,0,,3,0.9038,0.74335
jn_11915994482,Junction 11915994482,junction,12.976104,77.611832,,0,,3,0.75008,0.73185
jn_11919462587,Junction 11919462587,junction,13.000532,77.616064,,0,,2,0.5772,0.5456
jn_11927462288,Junction 11927462288,junction,12.904824,77.630398,,0,,5,0.55915,0.54698
jn_11927462289,Junction 11927462289,junction,12.90486,77.63047,,0,,1,0.43867,0.32356
jn_11937017208,Junction 11937017208,junction,13.002265,77.616563,,0,,4,0.55645,0.66369
jn_11940280169,Junction 11940280169,junction,12.938617,77.532523,,0,,3,0.60236,0.51052
jn_11955031767,Junction 11955031767,junction,12.927926,77.681077,,0,,2,0.23568,0.32795
jn_11964440742,Junction 11964440742,junction,12.92121,77.620296,,0,,4,0.51421,0.47499
jn_11964440743,Junction 11964440743,junction,12.921161,77.620173,,0,,3,0.47808,0.5143
jn_11964724284,Junction 11964724284,junction,12.929532,77.61506,,0,,3,0.57373,0.4962
jn_11964724285,Junction 11964724285,junction,12.929571,77.615166,,0,,4,0.52477,0.57322
jn_11977577698,Junction 11977577698,junction,12.916339,77.635067,,0,,3,0.42541,0.38277
jn_11977577699,Junction 11977577699,junction,12.916157,77.634822,,0,,1,0.30172,0.37717
jn_12009305216,Junction 12009305216,junction,12.918712,77.668951,,0,,1,0.2124,0.29327
jn_12040966310,Junction 12040966310,junction,12.918769,77.62142,,0,,3,0.48037,0.53447
jn_12040966323,Junction 12040966323,junction,12.916473,77.620053,,0,,3,0.49953,0.54118
jn_12058807535,Junction 12058807535,junction,12.954114,77.590551,,0,,2,0.74506,0.68206
jn_12059785439,Junction 12059785439,junction,12.939937,77.532384,,0,,3,0.57235,0.58206
jn_12059785441,Junction 12059785441,junction,12.941928,77.531329,,0,,3,0.69486,0.6237
jn_12059785442,Junction 12059785442,junction,12.940965,77.531905,,0,,3,0.77201,0.65524
jn_12059785443,Junction 12059785443,junction,12.941145,77.531894,,0,,3,0.55232,0.50908
jn_12060646333,Junction 12060646333,junction,12.907343,77.600524,,0,,5,0.63711,0.64257
jn_12060646334,Junction 12060646334,junction,12.907268,77.600573,,0,,4,0.6246,0.57953
jn_12060646335,Junction 12060646335,junction,12.907371,77.600597,,0,,3,0.58259,0.50411
jn_12060861661,Junction 12060861661,junction,12.932816,77.688518,,0,,1,0.21505,0.3008
jn_12060861662,Junction 12060861662,junction,12.932898,77.688434,,0,,3,0.33359,0.42264
jn_12060861676,Junction 12060861676,junction,12.941231,77.696222,,0,,1,0.28612,0.35329
jn_12067366799,Junction 12067366799,junction,12.958249,77.64143,,0,,3,0.52757,0.53084
jn_12067366802,Junction 12067366802,junction,12.95808,77.641424,,0,,3,0.45899,0.46974
jn_12067366803,Junction 12067366803,junction,12.958083,77.641312,,0,,2,0.44715,0.42412
jn_12068481108,Junction 12068481108,junction,12.975177,77.548301,,0,,3,0.69581,0.75467
jn_12068481109,Junction 12068481109,junction,12.975018,77.548459,,0,,3,0.81272,0.79033
jn_12068481110,Junction 12068481110,junction,12.974942,77.548399,,0,,4,0.89229,0.80276
jn_12068481111,Junction 12068481111,junction,12.975095,77.548242,,0,,4,0.77953,0.86024
jn_12068481129,Junction 12068481129,junction,13.00391,77.549192,,0,,3,0.64128,0.74233
jn_12073881080,Junction 12073881080,junction,12.894396,77.636785,,0,,1,0.3656,0.33732
jn_12073881084,Junction 12073881084,junction,12.889084,77.639873,,0,,1,0.4188,0.35005
jn_12073881092,Junction 12073881092,junction,12.846749,77.66989,,0,,1,0.52637,0.43766
jn_12077162815,Junction 12077162815,junction,12.963938,77.585219,,0,,3,0.73636,0.8273
jn_12077171235,Junction 12077171235,junction,12.955282,77.580069,,0,,1,0.74871,0.76421
jn_12099921832,Junction 12099921832,junction,12.993295,77.58504,,0,,3,0.85068,0.77265
jn_12099921833,Junction 12099921833,junction,12.99342,77.58527,,0,,3,0.71029,0.83973
jn_12099941385,Junction 12099941385,junction,12.986365,77.58879,,0,,4,1.0,0.9272
jn_12099941393,Junction 12099941393,junction,12.986778,77.588779,,0,,3,0.84414,0.77517
jn_12110804692,Junction 12110804692,junction,12.954097,77.585073,,0,,3,0.87586,0.85466
jn_12111889674,Junction 12111889674,junction,12.964999,77.596313,,0,,3,1.0,0.85323
jn_12119649210,Junction 12119649210,junction,12.964835,77.596799,,0,,4,0.90433,0.80814
jn_12121597668,Junction 12121597668,junction,12.975335,77.570774,,0,,3,0.96491,0.84129
jn_12128921370,Junction 12128921370,junction,12.965494,77.586812,,0,,3,0.8291,0.86313
jn_12128943145,Junction 12128943145,junction,12.966913,77.587424,,0,,3,0.7507,0.80268
jn_12128943147,Junction 12128943147,junction,12.967475,77.587367,,0,,3,0.79241,0.84921
jn_12129307874,Junction 12129307874,junction,12.917404,77.623561,,0,,3,0.59292,0.58852
jn_12129943982,Junction 12129943982,junction,12.974842,77.57456,,0,,3,0.95635,0.9349
jn_12129943986,Junction 12129943986,junction,12.978487,77.573409,,0,,3,0.98038,0.81041
jn_12136946746,Junction 12136946746,junction,12.987026,77.648023,,0,,3,0.37415,0.42402
jn_12136946747,Junction 12136946747,junction,12.986909,77.648005,,0,,4,0.29576,0.4943
jn_12136946748,Junction 12136946748,junction,12.986929,77.648052,,0,,4,0.6369,0.57092
jn_12136946749,Junction 12136946749,junction,12.987043,77.64807,,0,,3,0.46625,0.49116
jn_12139082473,Junction 12139082473,junction,12.955163,77.58016,,0,,3,0.78659,0.86053
jn_12139153726,Junction 12139153726,junction,12.993526,77.607291,,0,,3,0.65998,0.73009
jn_12141911042,Junction 12141911042,junction,12.975816,77.58744,,0,,3,0.85305,0.73205
jn_12141911045,Junction 12141911045,junction,12.975684,77.587157,,0,,3,0.79881,0.79112
jn_12141911057,Junction 12141911057,junction,12.976041,77.587143,,0,,3,1.0,0.86848
jn_12141911062,Junction 12141911062,junction,12.975926,77.587049,,0,,3,0.82844,0.88758
jn_12143918021,Junction 12143918021,junction,12.940632,77.573914,,0,,2,0.77942,0.79003
jn_12145487310,Junction 12145487310,junction,12.992197,77.604289,,0,,3,0.78339,0.75836
jn_12145487311,Junction 12145487311,junction,12.992138,77.604115,,0,,3,0.70475,0.69648
jn_12145487314,Junction 12145487314,junction,12.992264,77.604245,,0,,3,0.70401,0.73913
jn_12145575442,Junction 12145575442,junction,12.959902,77.57459,,0,,3,0.8905,0.79707
jn_12145770301,Junction 12145770301,junction,12.999743,77.619785,,0,,3,0.59443,0.54493
jn_12147813608,Junction 12147813608,junction,12.981969,77.594426,,0,,3,0.88818,0.82351
jn_12147813613,Junction 12147813613,junction,12.981638,77.594372,,0,,3,0.79684,0.85754
jn_12151458578,Junction 12151458578,junction,12.911129,77.683702,,0,,3,0.4278,0.41408
jn_12151470604,Junction 12151470604,junction,12.957112,77.567303,,0,,3,0.60363,0.78892
jn_12151470605,Junction 12151470605,junction,12.957083,77.567373,,0,,3,1.0,0.89035
jn_12151494704,Junction 12151494704,junction,12.911028,77.683655,,0,,3,0.57413,0.44405
jn_12153044351,Junction 12153044351,junction,12.899776,77.633148,,0,,1,0.38656,0.35257
jn_12153044352,Junction 12153044352,junction,12.899844,77.63324,,0,,3,0.28758,0.41558
jn_12157177352,Junction 12157177352,junction,12.923564,77.671791,,0,,1,0.32596,0.26861
jn_12159312912,Junction 12159312912,junction,12.956543,77.577358,,0,,4,0.78089,0.8121
jn_12159312913,Junction 12159312913,junction,12.956325,77.577306,,0,,3,0.875,0.77352
jn_12159312919,Junction 12159312919,junction,12.956992,77.577439,,0,,3,0.74044,0.84248
jn_12159915452,Junction 12159915452,junction,12.999628,77.54973,,0,,1,0.68097,0.65294
jn_12164906649,Junction 12164906649,junction,12.982064,77.693099,,0,,2,0.26796,0.42296
jn_12165431788,Junction 12165431788,junction,12.936898,77.603597,,0,,3,0.527,0.58145
jn_12174556588,Junction 12174556588,junction,12.999982,77.676439,,0,,4,0.76997,0.58923
jn_12183377237,Junction 12183377237,junction,12.937459,77.627084,,0,,2,0.58192,0.57499
jn_12186005568,Junction 12186005568,junction,12.923895,77.643172,,0,,3,0.55056,0.41863
jn_12186005569,Junction 12186005569,junction,12.923828,77.643192,,0,,3,0.50915,0.38901
jn_12196449734,Junction 12196449734,junction,12.916476,77.623375,,0,,4,0.49365,0.4756
jn_12196449735,Junction 12196449735,junction,12.91633,77.623054,,0,,3,0.47455,0.5774
jn_12198472129,Junction 12198472129,junction,12.938784,77.533007,,0,,1,0.47346,0.51813
jn_12203527486,Junction 12203527486,junction,12.924415,77.649981,,0,,3,0.50615,0.46826
jn_12260962526,Junction 12260962526,junction,12.974647,77.570755,,0,,3,0.86366,0.87612
jn_12273334034,Junction 12273334034,junction,12.916257,77.619674,,0,,3,0.4341,0.51769
jn_12273334035,Junction 12273334035,junction,12.916102,77.619575,,0,,1,0.38374,0.40138
jn_12278137174,Junction 12278137174,junction,12.916953,77.673416,,0,,3,0.52353,0.50114
jn_12279397378,Junction 12279397378,junction,12.916857,77.673355,,0,,3,0.17481,0.38326
jn_12421958516,Junction 12421958516,junction,12.975546,77.574784,,0,,4,0.85019,0.86342
jn_12429035783,Junction 12429035783,junction,12.980493,77.574794,,0,,1,0.57414,0.62594
jn_12429035787,Junction 12429035787,junction,12.980629,77.574984,,0,,4,0.88867,0.85848
jn_12430010318,Junction 12430010318,junction,12.975294,77.570906,,0,,4,0.86739,0.86144
jn_12430010319,Junction 12430010319,junction,12.974766,77.570641,,0,,3,0.93302,0.95148
jn_12433045764,Junction 12433045764,junction,12.984156,77.59709,,0,,4,0.68903,0.70183
jn_12433308233,Junction 12433308233,junction,12.982312,77.56913,,0,,1,0.82319,0.80763
jn_12451306639,Junction 12451306639,junction,12.934455,77.612366,,0,,2,0.4732,0.55563
jn_12452722458,Junction 12452722458,junction,12.972647,77.620224,,0,,3,0.75499,0.65197
jn_12452723320,Junction 12452723320,junction,12.972608,77.619815,,0,,3,0.46421,0.53953
jn_12459218188,Junction 12459218188,junction,12.91686,77.5969,,0,,3,0.59649,0.52938
jn_12459218191,Junction 12459218191,junction,12.91675,77.596812,,0,,3,0.44093,0.49012
jn_12460840938,Junction 12460840938,junction,12.968427,77.614309,,0,,4,0.81159,0.71466
jn_12466460036,Junction 12466460036,junction,12.957287,77.573807,,0,,4,0.88785,0.98
jn_12466460037,Junction 12466460037,junction,12.957211,77.573792,,0,,4,0.81703,0.87586
jn_12466460038,Junction 12466460038,junction,12.957264,77.573555,,0,,5,0.86191,0.8708
jn_12466460039,Junction 12466460039,junction,12.957344,77.573581,,0,,4,0.92528,0.88307
jn_12492308064,Junction 12492308064,junction,12.917091,77.585904,,0,,1,0.4913,0.4786
jn_12531390537,Junction 12531390537,junction,12.973188,77.622381,,0,,3,0.62737,0.59672
jn_12538710573,Junction 12538710573,junction,12.959565,77.555822,,0,,3,0.70436,0.81597
jn_12551629144,Junction 12551629144,junction,12.996864,77.668623,,0,,1,0.32878,0.22511
jn_12551629150,Junction 12551629150,junction,12.996643,77.668529,,0,,4,0.55394,0.47757
jn_12553312314,Junction 12553312314,junction,12.996998,77.573239,,0,,1,0.71376,0.69296
jn_12553312315,Junction 12553312315,junction,12.996789,77.573245,,0,,3,0.71168,0.79506
jn_12580905276,Junction 12580905276,junction,12.936875,77.575352,,0,,2,0.61695,0.58821
jn_12580905289,Junction 12580905289,junction,12.940632,77.573463,,0,,3,0.69526,0.6903
jn_12617824683,Junction 12617824683,junction,12.921293,77.620756,,0,,2,0.41593,0.49386
jn_12638260402,Junction 12638260402,junction,12.916653,77.609298,,0,,3,0.59353,0.48645
jn_12648799089,Junction 12648799089,junction,12.9362,77.535011,,0,,1,0.55384,0.53737
jn_12648799090,Junction 12648799090,junction,12.936132,77.534974,,0,,3,0.65491,0.66109
jn_12672273597,Junction 12672273597,junction,13.001491,77.66335,,0,,4,0.55062,0.52828
jn_12683580001,Junction 12683580001,junction,12.916867,77.630642,,0,,1,0.25397,0.32007
jn_12683580002,Junction 12683580002,junction,12.91673,77.630636,,0,,3,0.43536,0.45289
jn_12692472176,Junction 12692472176,junction,12.984037,77.640531,,0,,4,0.68954,0.56092
jn_12692472177,Junction 12692472177,junction,12.984061,77.640619,,0,,4,0.56682,0.52372
jn_12692472178,Junction 12692472178,junction,12.984122,77.64052,,0,,3,0.55458,0.56619
jn_12692472179,Junction 12692472179,junction,12.984151,77.640595,,0,,3,0.48805,0.56339
jn_12709621385,Junction 12709621385,junction,12.929621,77.61513,,0,,4,0.63165,0.54665
jn_12709621386,Junction 12709621386,junction,12.929576,77.61503,,0,,3,0.61272,0.60309
jn_12709656496,Junction 12709656496,junction,12.923848,77.553494,,0,,4,0.58825,0.58438
jn_12712338634,Junction 12712338634,junction,13.000397,77.677532,,0,,2,0.38911,0.34864
jn_12718284170,Junction 12718284170,junction,12.953895,77.591207,,0,,2,0.69604,0.75909
jn_12740817760,Junction 12740817760,junction,12.937243,77.626826,,0,,2,0.44851,0.53091
jn_12759058196,Junction 12759058196,junction,12.975646,77.554404,,0,,3,0.76689,0.80139
jn_12765645851,Junction 12765645851,junction,12.993255,77.686028,,0,,3,0.43644,0.47865
jn_12765645853,Junction 12765645853,junction,12.99331,77.686112,,0,,1,0.33283,0.39511
jn_12803586900,Junction 12803586900,junction,12.984424,77.597284,,0,,3,0.81744,0.82874
jn_12803624101,Junction 12803624101,junction,12.984327,77.597199,,0,,3,0.76784,0.74443
jn_12827961143,Junction 12827961143,junction,12.984396,77.597153,,0,,4,0.69952,0.76486
jn_12896232268,Junction 12896232268,junction,12.940313,77.573766,,0,,3,0.79616,0.73697
jn_12949319030,Junction 12949319030,junction,12.994245,77.685415,,0,,1,0.1425,0.26785
jn_12949319033,Junction 12949319033,junction,12.994072,77.685417,,0,,3,0.41636,0.44389
jn_12969313169,Junction 12969313169,junction,12.916203,77.61887,,0,,3,0.60866,0.55375
jn_13072953748,Junction 13072953748,junction,12.923553,77.576321,,0,,5,0.53715,0.6785
jn_13075406637,Junction 13075406637,junction,12.916158,77.617241,,0,,3,0.57413,0.54349
jn_13076886164,Junction 13076886164,junction,12.916709,77.609297,,0,,2,0.50528,0.48801
jn_13088766702,Junction 13088766702,junction,12.937211,77.601873,,0,,3,0.43697,0.5401
jn_13088766703,Junction 13088766703,junction,12.937251,77.601608,,0,,3,0.50369,0.4692
jn_13088766704,Junction 13088766704,junction,12.937006,77.601828,,0,,4,0.53871,0.60349
jn_13088766705,Junction 13088766705,junction,12.93705,77.601556,,0,,4,0.70603,0.68195
jn_13242907743,Junction 13242907743,junction,12.950297,77.537595,,0,,4,0.73074,0.80993
jn_13242907757,Junction 13242907757,junction,12.950673,77.538054,,0,,3,0.76231,0.68589
jn_13321896550,Junction 13321896550,junction,12.964946,77.597019,,0,,4,0.88152,0.81188
jn_13337723222,Junction 13337723222,junction,12.914595,77.624202,,0,,3,0.42669,0.46489
jn_13343865545,Junction 13343865545,junction,12.962374,77.595281,,0,,2,0.77309,0.7851
jn_13344267422,Junction 13344267422,junction,12.973471,77.540906,,0,,3,0.76826,0.81617
jn_13344267423,Junction 13344267423,junction,12.973308,77.541009,,0,,1,0.59808,0.69404
jn_13379577435,Junction 13379577435,junction,12.91667,77.600978,,0,,2,0.64591,0.50791
jn_13379577436,Junction 13379577436,junction,12.916771,77.600982,,0,,3,0.51576,0.53164
jn_13392231543,Junction 13392231543,junction,12.96171,77.641743,,0,,3,0.49221,0.43755
jn_13392231547,Junction 13392231547,junction,12.960514,77.642104,,0,,3,0.50593,0.57278
jn_13459522649,Junction 13459522649,junction,12.965482,77.618753,,0,,3,0.6352,0.64106
jn_13459522650,Junction 13459522650,junction,12.965409,77.618754,,0,,3,0.65569,0.669
jn_13459544127,Junction 13459544127,junction,12.972584,77.619708,,0,,3,0.70865,0.64795
jn_13505974163,Junction 13505974163,junction,12.957071,77.565844,,0,,2,0.82117,0.76243
jn_13507201648,Junction 13507201648,junction,12.966187,77.606583,,0,,3,0.73818,0.79026
jn_13507201652,Junction 13507201652,junction,12.966031,77.60675,,0,,4,0.7828,0.76103
jn_13652819893,Junction 13652819893,junction,12.941801,77.53437,,0,,3,0.74799,0.80301
jn_13748051108,Junction 13748051108,junction,12.917564,77.62312,,0,,3,0.33018,0.47045
jn_13748051109,Junction 13748051109,junction,12.917448,77.623148,,0,,3,0.48326,0.51183
jn_13793214289,Junction 13793214289,junction,12.917677,77.57404,,0,,4,0.54666,0.61526
jn_13820094376,Junction 13820094376,junction,12.936163,77.534692,,0,,3,0.57362,0.59348
jn_13820094377,Junction 13820094377,junction,12.936093,77.534647,,0,,2,0.54076,0.63254
jn_13820954186,Junction 13820954186,junction,12.996764,77.569437,,0,,2,0.95121,0.8634
jn_13823559215,Junction 13823559215,junction,12.908319,77.691552,,0,,5,0.48122,0.44608
jn_13823559216,Junction 13823559216,junction,12.908236,77.691529,,0,,3,0.6229,0.41719
jn_13830269254,Junction 13830269254,junction,12.982698,77.568501,,0,,3,0.63988,0.88059
jn_13875839413,Junction 13875839413,junction,13.002127,77.612547,,0,,3,0.76605,0.70412
jn_13903770309,Junction 13903770309,junction,12.924416,77.673511,,0,,3,0.53813,0.37644
jn_13903770310,Junction 13903770310,junction,12.924326,77.673542,,0,,1,0.24752,0.34754
jn_13928938241,Junction 13928938241,junction,12.929477,77.684375,,0,,1,0.27743,0.32238
jn_13958170247,Junction 13958170247,junction,12.918188,77.599944,,0,,3,0.58751,0.57974
jn_13985175970,Junction 13985175970,junction,12.915874,77.573588,,0,,4,0.79557,0.65068
jn_13985175976,Junction 13985175976,junction,12.916875,77.5736,,0,,3,0.50471,0.51056
jn_13985175980,Junction 13985175980,junction,12.916443,77.573559,,0,,3,0.51767,0.53472
jn_13985175981,Junction 13985175981,junction,12.916422,77.57365,,0,,3,0.63707,0.58628
jn_13985347515,Junction 13985347515,junction,12.977476,77.574063,,0,,4,1.0,0.96734
jn_13985347516,Junction 13985347516,junction,12.977555,77.574199,,0,,3,0.95156,0.88363
jn_14016958980,Junction 14016958980,junction,13.001983,77.549522,,0,,3,0.72315,0.69683
jn_14053386212,Junction 14053386212,junction,12.936573,77.575431,,0,,3,0.64575,0.65669
jn_14084916811,Junction 14084916811,junction,12.966087,77.535573,,0,,2,0.6828,0.69141
ms_singayyanapalya,Singayyanapalya,metro_station,12.996697,77.692146,Purple Line,0,,1,0.31852,0.30321
ms_krishnarajapura,Krishnarajapura,metro_station,12.999884,77.677842,Purple Line,0,,1,0.45413,0.29537
ms_benniganahalli,Benniganahalli,metro_station,12.996496,77.668479,Purple Line,0,,1,0.16338,0.30577
ms_baiyappanahalli,Baiyappanahalli,metro_station,12.990675,77.652392,Purple Line,0,,1,0.28529,0.30578
ms_swami_vivekananda_road,Swami Vivekananda Road,metro_station,12.985913,77.644907,Purple Line,0,,1,0.19486,0.33387
ms_indiranagar,Indiranagar,metro_station,12.978308,77.638659,Purple Line,0,,1,0.49194,0.40227
ms_halasuru,Halasuru,metro_station,12.976491,77.626705,Purple Line,0,,1,0.42291,0.42364
ms_trinity,Trinity,metro_station,12.972995,77.617013,Purple Line,0,,1,0.51273,0.5142
ms_mahatma_gandhi_road,Mahatma Gandhi Road,metro_station,12.975628,77.606298,Purple Line,0,,1,0.63452,0.57144
ms_cubbon_park,Cubbon Park,metro_station,12.980895,77.597562,Purple Line,0,,1,0.5464,0.60945
ms_dr__b__r__ambedkar_station__vidhan,"Dr. B. R. Ambedkar Station, Vidhana Soudha",metro_station,12.977973,77.591109,Purple Line,0,,1,0.69678,0.65529
ms_sir_m__visvesvaraya_stn___central_,"Sir M. Visvesvaraya Stn., Central College",metro_station,12.974501,77.584233,Purple Line,0,,1,0.70587,0.63485
ms_nadaprabhu_kempegowda_station__maj,"Nadaprabhu Kempegowda Station, Majestic (Purple Line)",metro_station,12.97567,77.572806,Purple Line,0,,2,0.6642,0.71829
ms_krantivira_sangolli_rayanna_railwa,Krantivira Sangolli Rayanna Railway Station,metro_station,12.975858,77.565379,Purple Line,0,,1,0.77805,0.75165
ms_magadi_road,Magadi Road,metro_station,12.975608,77.555356,Purple Line,0,,1,0.61164,0.67246
ms_sri_balagangadharanatha_swamiji_st,"Sri Balagangadharanatha Swamiji Stn., Hosahalli",metro_station,12.974174,77.545619,Purple Line,0,,1,0.63048,0.6006
ms_vijayanagara,Vijayanagara,metro_station,12.970939,77.537429,Purple Line,0,,1,0.64064,0.56416
ms_attiguppe,Attiguppe,metro_station,12.961858,77.533593,Purple Line,0,,1,0.48122,0.54147
ms_deepanjali_nagar,Deepanjali Nagar,metro_station,12.952047,77.53704,Purple Line,0,,1,0.55712,0.59634
ms_mysore_road,Mysore Road,metro_station,12.946662,77.53009,Purple Line,0,,1,0.54705,0.55189
ms_pantharapalya___nayandahalli,Pantharapalya - Nayandahalli,metro_station,12.941661,77.525127,Purple Line,0,,1,0.40366,0.41165
ms_yelachenahalli,Yelachenahalli,metro_station,12.896066,77.570098,Green Line,0,,1,0.25639,0.24518
ms_jaya_prakash_nagar,Jaya Prakash Nagar,metro_station,12.907476,77.573108,Green Line,0,,1,0.31234,0.18914
ms_banashankari,Banashankari,metro_station,12.915224,77.573579,Green Line,0,,1,0.21819,0.26395
ms_rashtreeya_vidyalaya_road,Rashtreeya Vidyalaya Road,metro_station,12.921994,77.580239,Green Line,0,,1,0.38806,0.38472
ms_jayanagar,Jayanagar,metro_station,12.929507,77.580123,Green Line,0,,1,0.65547,0.56974
ms_south_end_circle,South End Circle,metro_station,12.938262,77.580035,Green Line,0,,1,0.51837,0.54702
ms_lalbagh,Lalbagh,metro_station,12.946534,77.579995,Green Line,0,,1,0.64283,0.5813
ms_national_college,National College,metro_station,12.950526,77.57367,Green Line,0,,1,0.57966,0.65297
ms_krishna_rajendra_market,Krishna Rajendra Market,metro_station,12.960896,77.57464,Green Line,0,,1,0.56907,0.54173
ms_chickpete,Chickpete,metro_station,12.966925,77.574531,Green Line,0,,1,0.85569,0.61889
ms_mantri_square_sampige_road,Mantri Square Sampige Road,metro_station,12.990428,77.570693,Green Line,0,,1,0.78717,0.76506
ms_srirampura,Srirampura,metro_station,12.996495,77.563299,Green Line,0,,1,0.51593,0.55919
ms_mahakavi_kuvempu_road,Mahakavi Kuvempu Road,metro_station,12.99847,77.556875,Green Line,0,,1,0.77087,0.74838
ms_rajajinagar,Rajajinagar,metro_station,13.000523,77.549617,Green Line,0,,1,0.6432,0.64398
ms_hongasandra,Hongasandra,metro_station,12.902124,77.631698,Yellow Line,0,,1,0.197,0.32519
ms_bommanahalli,Bommanahalli,metro_station,12.911195,77.626126,Yellow Line,0,,1,0.35491,0.28091
ms_central_silk_board,Central Silk Board,metro_station,12.916403,77.620117,Yellow Line,0,,1,0.30189,0.33104
ms_btm_layout,BTM Layout,metro_station,12.916573,77.607633,Yellow Line,0,,1,0.4083,0.33889
ms_jayadeva_hospital,Jayadeva Hospital,metro_station,12.916728,77.59973,Yellow Line,0,,1,0.40381,0.33457
ms_ragigudda,Ragigudda,metro_station,12.917075,77.587784,Yellow Line,0,,1,0.36462,0.34994
bs_1070314236,Banashankari TTMC,bus_stop,12.917563,77.573278,,0,,0,0.47277,0.48249
bs_2393746915,Kadirenahalli Cross,bus_stop,12.913711,77.567293,,0,,0,0.48783,0.52685
bs_2397057343,Kadirenahalli Park,bus_stop,12.918212,77.564168,,0,,1,0.37156,0.41803
bs_2513834593,Devegowda Petrol Bunk,bus_stop,12.921859,77.559156,,0,,0,0.31773,0.39087
bs_2513845212,Kamakhya Talkies,bus_stop,12.923754,77.553639,,0,,1,0.47385,0.53063
bs_2515008626,Katriguppe,bus_stop,12.925501,77.549609,,0,,1,0.3664,0.41607
bs_2515008623,Janatha Bazaar,bus_stop,12.92827,77.545871,,0,,0,0.52176,0.56451
bs_11607676806,Hosakerehalli Junction,bus_stop,12.930684,77.543042,,0,,0,0.62317,0.547
bs_11607676804,Hosakerehalli Petrol Bunk,bus_stop,12.932813,77.540341,,0,,0,0.37987,0.42129
bs_2093292636,PES College,bus_stop,12.934821,77.537064,,0,,1,0.39616,0.44231
bs_617540170,Veerabhadra Nagara,bus_stop,12.937869,77.533544,,0,,0,0.72052,0.51247
bs_11278822042,Nayandahalli,bus_stop,12.94583,77.528168,,0,,0,0.42917,0.43805
bs_6227539126,Deepanjalinagara,bus_stop,12.951078,77.537234,,0,,0,0.49366,0.4463
bs_2402212005,Attiguppe,bus_stop,12.957845,77.533868,,0,,1,0.5748,0.54162
bs_7124643396,Income Tax Layout,bus_stop,12.961154,77.533113,,0,,0,0.43843,0.53445
bs_2402209839,Vijayanagara TTMC,bus_stop,12.965526,77.534691,,0,,0,0.67165,0.5028
bs_1474835884,Maruti Mandira,bus_stop,12.96774,77.536022,,0,,1,0.79803,0.64546
bs_308232838,Vijayanagara,bus_stop,12.971872,77.537588,,0,,0,0.7037,0.69932
bs_1474827886,Manu Vana,bus_stop,12.973881,77.541839,,0,,1,0.53304,0.57938
bs_1820435756,Toll Gate,bus_stop,12.974624,77.549005,,0,,1,0.72655,0.65301
bs_1820425367,Prasanna Talkies,bus_stop,12.974073,77.550945,,0,,0,0.79232,0.65651
bs_2402602175,6th Block Rajajinagara,bus_stop,12.979411,77.553538,,0,,0,0.84469,0.78415
bs_4935019449,Bhasyam Circle (Towards Magadi Road Toll Gate),bus_stop,12.983629,77.554053,,0,,0,0.91146,0.72506
bs_446995812,Old Police Station Rajajinagara,bus_stop,12.989337,77.554333,,0,,0,0.55413,0.68127
bs_2398081626,ESI Hospital Rajajinagara (Towards Navarang),bus_stop,12.991103,77.552482,,0,,0,0.88812,0.67211
bs_446995809,Basaveshwara College,bus_stop,12.994375,77.552794,,0,,0,0.91659,0.80992
bs_6347562417,2nd Block Rajajinagara,bus_stop,12.996058,77.551424,,0,,0,0.59528,0.61897
bs_6329060972,Navarang Theatre,bus_stop,12.997995,77.551631,,0,,0,0.58661,0.59525
bs_4544407101,Mariyappanapalya,bus_stop,12.998702,77.556332,,0,,0,0.49477,0.59485
bs_4544407102,Harishchandra Ghat,bus_stop,12.997321,77.560549,,0,,0,0.58977,0.64861
bs_4544407103,Devaiah Park,bus_stop,12.996474,77.564144,,0,,0,0.73305,0.73382
bs_446995829,Malleshwaram Circle,bus_stop,12.996927,77.568753,,0,,0,0.61645,0.62373
bs_2394052182,Malleshwaram 8th Cross,bus_stop,12.999827,77.571313,,0,,1,0.60999,0.70258
bs_3401990805,Malleshwaram 11th Cross,bus_stop,13.002832,77.57119,,0,,0,0.76971,0.69496
bs_446941382,Malleshwaram 15th Cross,bus_stop,13.004948,77.571167,,0,,0,0.68213,0.68795
bs_2396429259,Jeevanbheema Nagara,bus_stop,12.965818,77.657662,,0,,0,0.4533,0.48527
bs_7156942415,Petrol Bunk,bus_stop,12.967456,77.655995,,0,,0,0.10474,0.23795
bs_3396658477,Kodihalli,bus_stop,12.968566,77.649573,,0,,0,0.54506,0.30761
bs_2396426483,Thippasandra,bus_stop,12.974192,77.646801,,0,,0,0.27443,0.36031
bs_3310413267,CMH Hospital,bus_stop,12.977595,77.646779,,0,,0,0.41289,0.38507
bs_9814659993,Indiranagar Police Station,bus_stop,12.978176,77.640953,,0,,0,0.50172,0.45633
bs_1185757004,Indiranagar 6th Main,bus_stop,12.974054,77.641193,,0,,1,0.32796,0.31772
bs_2396434084,Indiranagar 12th Main,bus_stop,12.969918,77.641384,,0,,1,0.22064,0.34957
bs_2396434266,New Horizon School Indiranagar,bus_stop,12.967312,77.641556,,0,,0,0.30174,0.31028
bs_3276659128,HAL 2nd Stage,bus_stop,12.963486,77.641702,,0,,1,0.40531,0.43057
bs_10068685437,Domlur Bridge,bus_stop,12.957983,77.64146,,0,,1,0.22248,0.30343
bs_1471781253,Domlur Herohonda Stop,bus_stop,12.954519,77.641437,,0,,0,0.22613,0.39541
bs_10855370151,Military Bridge,bus_stop,12.945913,77.640156,,0,,1,0.18708,0.44065
bs_10855370150,Ejipura Junction,bus_stop,12.938389,77.63313,,0,,0,0.29171,0.33448
bs_10855370149,Sony World Signal,bus_stop,12.93696,77.626678,,0,,0,0.35665,0.3175
bs_254923713,Canara Bank Koramangala,bus_stop,12.934585,77.623963,,0,,0,0.43529,0.38693
bs_2405375289,Koramangala BDA Complex,bus_stop,12.931295,77.622603,,0,,1,0.34987,0.27899
bs_2405375993,Koramangala Water Tank,bus_stop,12.927819,77.621173,,0,,0,0.38753,0.30378
bs_10855370148,Kudremukha Colony,bus_stop,12.925886,77.625275,,0,,0,0.43835,0.37588
bs_2402577150,Krupanidi College,bus_stop,12.923819,77.628062,,0,,0,0.50314,0.31889
bs_1473298101,Madiwala Market,bus_stop,12.921494,77.621198,,0,,0,0.22976,0.2255
bs_10043935992,Madiwala,bus_stop,12.92054,77.620764,,0,,0,0.56622,0.4442
bs_2509428538,Silk Board,bus_stop,12.916714,77.621409,,0,,0,0.22446,0.29942
bs_6495482457,Kuvempunagara Bus Station,bus_stop,12.916161,77.615967,,0,,1,0.37773,0.33534
bs_6495482458,16th Main BTM Layout,bus_stop,12.916308,77.609456,,0,,0,0.45408,0.39517
bs_9904111099,BTM Nagar Layout Water Tank,bus_stop,12.916514,77.606792,,0,,0,0.46912,0.48491
bs_2512617705,MICO Layout,bus_stop,12.91655,77.604128,,0,,0,0.44943,0.37381
bs_6495482463,East end Jayanagara,bus_stop,12.916625,77.598992,,0,,1,0.46603,0.44226
bs_6495482464,East End Jayanagara (Towards Banashankari),bus_stop,12.916721,77.596335,,0,,0,0.41537,0.50786
bs_6495482465,Ragigudda,bus_stop,12.916799,77.593385,,0,,0,0.40833,0.40753
bs_6495482468,Marenahalli Petrol Bunk,bus_stop,12.916904,77.588833,,0,,1,0.28383,0.42204
bs_6495482470,Jayanagara 5th Block,bus_stop,12.916988,77.584694,,0,,0,0.48376,0.40618
bs_10792812744,Sangam Circle,bus_stop,12.917062,77.578611,,0,,0,0.55568,0.48182
bs_10855399618,Sangam Circle,bus_stop,12.917284,77.578978,,0,,1,0.35874,0.42292
bs_2394012912,Jayanagara 5th Block,bus_stop,12.917221,77.583397,,0,,1,0.5925,0.4591
bs_524077013,Marenahalli Bus Stop,bus_stop,12.917109,77.588786,,0,,0,0.3033,0.3938
bs_524080923,Ragigudda,bus_stop,12.916984,77.593363,,0,,0,0.23176,0.39112
bs_4701346477,East end Jayanagara,bus_stop,12.916898,77.597377,,0,,0,0.37856,0.41658
bs_2511399368,MICO Layout,bus_stop,12.916802,77.603264,,0,,1,0.6695,0.46186
bs_2510395000,BTM Water Tank,bus_stop,12.916717,77.606861,,0,,0,0.42365,0.43079
bs_1466857947,16th Main BTM Layout,bus_stop,12.916795,77.609309,,0,,1,0.21229,0.28841
bs_2510395023,BTM Layout Kuvempu Nagara,bus_stop,12.916363,77.616558,,0,,0,0.40657,0.46799
bs_5558684110,Central Silk Board (Towards Madivala),bus_stop,12.916944,77.621255,,0,,0,0.19203,0.31101
bs_7294299969,Madiwala,bus_stop,12.919674,77.620951,,0,,1,0.37186,0.30997
bs_1837005146,Madivala Masjid,bus_stop,12.924887,77.618541,,0,,0,0.42033,0.45217
bs_1070361737,Koramangala Water Tank,bus_stop,12.929131,77.621485,,0,,0,0.20363,0.33089
bs_10066958372,Koramanagala BDA Complex,bus_stop,12.930941,77.622187,,0,,0,0.36637,0.40982
bs_2405375288,Koramangala BDA Complex,bus_stop,12.931947,77.622608,,0,,0,0.39516,0.39653
bs_10855399617,Canara Bank,bus_stop,12.934719,77.623823,,0,,0,0.34475,0.32367
bs_3016052463,Koramangala Sony World,bus_stop,12.938161,77.628049,,0,,0,0.25806,0.32613
bs_3016052461,Ejipura Junction,bus_stop,12.938636,77.633123,,0,,0,0.51372,0.39667
bs_4595656668,Military Bridge,bus_stop,12.945982,77.639903,,0,,0,0.51714,0.36506
bs_325156622,Domlur Herohonda Stop,bus_stop,12.95507,77.641249,,0,,0,0.04877,0.28042
bs_2455703300,Domlur Flyover,bus_stop,12.956961,77.641296,,0,,0,0.33581,0.31772
bs_1420113193,HAL 2nd Stage,bus_stop,12.963671,77.641497,,0,,0,0.29974,0.29557
bs_2396434359,New Horizon School,bus_stop,12.966467,77.64137,,0,,0,0.31332,0.37013
bs_1474220561,HAL 2nd Stage,bus_stop,12.969844,77.641184,,0,,0,0.50667,0.41587
bs_1232740597,Indiranagar 6th main,bus_stop,12.973626,77.640974,,0,,0,0.32688,0.3806
bs_4101455408,Indiranagar Police Station,bus_stop,12.978491,77.641434,,0,,0,0.39073,0.30455
bs_4173145025,New Tippasandra Main Road,bus_stop,12.974386,77.646964,,0,,0,0.36367,0.36261
bs_10855399616,Kodihalli,bus_stop,12.968641,77.649596,,0,,0,0.55673,0.37952
bs_12328481705,Petrol Bunk,bus_stop,12.967533,77.656119,,0,,0,0.3431,0.34803
bs_493556458,Sangam Circle,bus_stop,12.91767,77.577464,,0,,0,0.39283,0.36258
bs_1473879998,Jayanagar 5th Block,bus_stop,12.917203,77.584941,,0,,0,0.40553,0.47023
bs_1463770311,Shanthi Park Apartments,bus_stop,12.917079,77.591005,,0,,0,0.29728,0.36761
bs_6497456085,Kuvempu Nagar,bus_stop,12.916439,77.61595,,0,,0,0.31265,0.34659
bs_9987347294,Silk Board TTMC,bus_stop,12.918269,77.623118,,0,,0,0.28162,0.34255
bs_6210612248,SI Apartment HSR Layout,bus_stop,12.91681,77.629383,,0,,1,0.3826,0.36132
bs_4817968340,HSR Layout BDA Complex,bus_stop,12.916443,77.634256,,0,,0,0.22113,0.27278
bs_6497456138,Depot-25 Gate,bus_stop,12.919248,77.642476,,0,,0,0.43145,0.43256
bs_10076263541,Agara,bus_stop,12.924105,77.647217,,0,,1,0.18514,0.28601
bs_5778351796,Ibbaluru,bus_stop,12.921293,77.663091,,0,,0,0.18287,0.25273
bs_11955000967,Sarjapura Road Junction,bus_stop,12.921224,77.665906,,0,,1,0.19163,0.244
bs_2485933288,Bellandur Petrol Bunk,bus_stop,12.923141,77.670211,,0,,0,0.43722,0.31014
bs_3840278215,Bellanduru City Light Apartment,bus_stop,12.924631,77.673475,,0,,0,0.45575,0.31876
bs_3170452369,Ecospace,bus_stop,12.928341,77.681157,,0,,0,0.13568,0.21733
bs_3170450634,Deverabeesanahalli,bus_stop,12.932045,77.68718,,0,,1,0.40753,0.24364
bs_3170437443,New Horizon College,bus_stop,12.935452,77.690978,,0,,0,0.48756,0.38877
bs_9820589363,EMC2,bus_stop,12.980467,77.694018,,0,,1,0.30709,0.34928
bs_9967946691,Bagmane Rio,bus_stop,12.982724,77.692626,,0,,0,0.21494,0.18535
bs_9820589364,Mahadevapura,bus_stop,12.993396,77.685661,,0,,0,0.29027,0.27557
bs_9820589365,B. Narayanapura,bus_stop,12.996232,77.683623,,0,,0,0.26321,0.3297
bs_2475275941,Tin Factory,bus_stop,12.996623,77.66979,,0,,0,0.46019,0.3893
bs_5631135853,KR Puram Railway Station,bus_stop,12.999825,77.676256,,0,,0,0.18054,0.25406
bs_1551513238,Cauvery Nagara,bus_stop,12.999801,77.530522,,0,,0,0.29503,0.3619
bs_7108562619,Kurubarahalli,bus_stop,13.001214,77.536296,,0,,0,0.56291,0.56546
bs_7108562617,Shankar Mutt,bus_stop,12.999266,77.541564,,0,,0,0.57369,0.48508
bs_6347562419,Modi Hospital,bus_stop,12.997554,77.546095,,0,,0,0.50555,0.50743
bs_316660381,Link Road,bus_stop,12.994118,77.573926,,0,,1,0.73906,0.65251
bs_3198633193,Swastik Sheshadripuram College,bus_stop,12.988987,77.574757,,0,,0,0.66992,0.68761
bs_3198633192,Shivananda Stores,bus_stop,12.987232,77.578826,,0,,0,0.62526,0.61108
bs_2398107511,RC College,bus_stop,12.984266,77.586965,,0,,0,0.50265,0.66054
bs_1363295016,Basava Bhavan,bus_stop,12.985794,77.588479,,0,,1,0.70342,0.71942
bs_7108562608,Avinash Petrol Bunk,bus_stop,12.99041,77.589179,,0,,0,0.62962,0.66102
bs_249082830,Cantonment Railway Station,bus_stop,12.993477,77.597223,,0,,1,0.48066,0.54538
bs_573433441,CSI Hospital,bus_stop,12.989747,77.599365,,0,,1,0.69574,0.61951
bs_4905837941,Indian Express,bus_stop,12.98421,77.597601,,0,,0,0.5461,0.60287
bs_596446558,Shivajinagar Bus Station,bus_stop,12.983408,77.603104,,0,,0,0.62751,0.62975
bs_3740957800,Manikshaw Parade Ground,bus_stop,12.977568,77.607938,,0,,1,0.41141,0.50343
bs_7108562603,Commercial Street,bus_stop,12.980515,77.609812,,0,,0,0.50791,0.53079
bs_2268440721,Dickenson Road,bus_stop,12.98089,77.610695,,0,,0,0.53981,0.58056
bs_2406057217,Lavanya Talkies,bus_stop,12.986253,77.615515,,0,,0,0.4674,0.45538
bs_7108562600,Sivanchetty Gardens,bus_stop,12.989648,77.615361,,0,,0,0.5904,0.53437
bs_7108562598,Thoms Bakery,bus_stop,12.99126,77.614223,,0,,0,0.48924,0.48089
bs_7108562596,Sindhi Colony,bus_stop,12.995498,77.616304,,0,,0,0.3729,0.44164
bs_2406049367,Cox Town Circle,bus_stop,12.996517,77.621566,,0,,0,0.35254,0.41898
bs_1808894959,Cox Town Water Tank,bus_stop,12.994383,77.626775,,0,,0,0.50565,0.44587
bs_1485686875,Jeevanahalli,bus_stop,12.994972,77.628021,,0,,0,0.29962,0.37719
bs_1473255017,Srinagara Bus Station,bus_stop,12.944262,77.554592,,0,,0,0.50649,0.54855
bs_954610757,Apex Bank,bus_stop,12.941781,77.555889,,0,,0,0.52542,0.56459
bs_954619918,Maruthi Circle,bus_stop,12.943333,77.558167,,0,,0,0.6716,0.6016
bs_954620241,Subramanya Swamy Temple,bus_stop,12.94354,77.561894,,0,,0,0.48053,0.65605
bs_954621288,Ganesha Bhavan,bus_stop,12.943794,77.564227,,0,,0,0.46343,0.59519
bs_2396303951,Hanumantha Nagara Syndicate Bank,bus_stop,12.946916,77.564172,,0,,0,0.43936,0.59564
bs_248838952,Kohinoor Ground,bus_stop,12.947308,77.566305,,0,,0,0.53581,0.57302
bs_2393971633,Ramakrishna Ashrama,bus_stop,12.948851,77.567601,,0,,0,0.62848,0.56832
bs_2393971549,Bengaluru High School,bus_stop,12.951887,77.567526,,0,,0,0.49053,0.60651
bs_2393859187,Chamarajapet,bus_stop,12.95725,77.567851,,0,,0,0.68193,0.66446
bs_1323690429,Makkala Koota,bus_stop,12.957609,77.573666,,0,,0,0.65388,0.71278
bs_5265674077,Royan Circle,bus_stop,12.960411,77.568046,,0,,0,0.67854,0.67699
bs_7093073086,CR Police Ground,bus_stop,12.961998,77.559636,,0,,0,0.75089,0.63437
bs_1085530276,Binnypet,bus_stop,12.964359,77.561486,,0,,1,0.67568,0.75159
bs_1806969494,Binny Mill,bus_stop,12.970623,77.566242,,0,,1,0.71686,0.62628
bs_6222268366,Hunasemara,bus_stop,12.975248,77.565153,,0,,1,0.68805,0.81763
bs_1820410900,1st Cross Magadi Road,bus_stop,12.975689,77.563678,,0,,0,0.7419,0.72214
bs_1820411782,5th Cross Magadi Road,bus_stop,12.975658,77.560393,,0,,0,0.81844,0.73926
bs_1820411843,10th Cross Magadi Road,bus_stop,12.975537,77.556487,,0,,1,0.54419,0.57791
bs_6078107786,Prasanna Theatre,bus_stop,12.97609,77.552505,,0,,0,0.61703,0.61454
bs_2398080161,Bashyam Circle,bus_stop,12.984738,77.554136,,0,,0,0.60592,0.692
bs_7093027175,Basaveshwara College,bus_stop,12.99457,77.552693,,0,,0,0.86542,0.69178
bs_2398081977,Navarang Theatre,bus_stop,12.998083,77.550984,,0,,0,0.71083,0.62899
bs_1471781029,1st Block Rajajinagara Diacon Hospital,bus_stop,13.003774,77.549993,,0,,0,0.49217,0.57125
bs_308063845,Chandra Layout,bus_stop,12.958173,77.526942,,0,,0,0.48961,0.54164
bs_2402235727,Ganesha Temple Chandra Layout,bus_stop,12.958108,77.528682,,0,,0,0.35661,0.45659
bs_2402233686,Chandra Public School,bus_stop,12.960451,77.529547,,0,,0,0.50879,0.48639
bs_1474854780,Income Tax Layout,bus_stop,12.960002,77.531718,,0,,0,0.59522,0.65757
bs_1979048420,Attiguppe,bus_stop,12.957931,77.534076,,0,,0,0.47843,0.5735
bs_4546441991,MCTC Bus Stand,bus_stop,12.954071,77.543458,,0,,1,0.6195,0.62045
bs_699684331,Hosa Guddadahalli,bus_stop,12.956151,77.546166,,0,,0,0.70621,0.57427
bs_2402205190,Azad Nagar,bus_stop,12.957198,77.551063,,0,,0,0.50068,0.62246
bs_2402196134,Sirsi Circle,bus_stop,12.960485,77.556862,,0,,0,0.69651,0.56224
bs_1739362330,Town Hall,bus_stop,12.9639,77.584268,,0,,0,0.64327,0.7283
bs_452414811,Corporation Circle (Cubbon Park),bus_stop,12.968547,77.58966,,0,,0,0.58056,0.61141
bs_2468903219,Mallya Hospital,bus_stop,12.970346,77.594382,,0,,1,0.57786,0.6066
bs_3356616804,Richmond Circle,bus_stop,12.967433,77.599419,,0,,0,0.60814,0.61258
bs_3344494904,Mayo Hall,bus_stop,12.973431,77.609962,,0,,0,0.49272,0.61483
bs_3730961538,MG Road,bus_stop,12.974185,77.612414,,0,,0,0.52948,0.50588
bs_1635922811,Trinity Circle,bus_stop,12.972775,77.620579,,0,,0,0.57285,0.60324
bs_1698055294,Halasuru,bus_stop,12.978165,77.62828,,0,,1,0.43729,0.39139
bs_2396425548,Lakshmipura Ulsoor,bus_stop,12.97823,77.632507,,0,,0,0.12226,0.32538
bs_255558064,Tippasandra Market,bus_stop,12.97257,77.650828,,0,,0,0.30089,0.2564
bs_2477611141,Thippasandra Ganesha Temple,bus_stop,12.972144,77.654064,,0,,0,0.44768,0.47
bs_4703733899,BEML Gate,bus_stop,12.971681,77.65837,,0,,1,0.3621,0.25885
bs_343324577,Bagmane Tech Park,bus_stop,12.980771,77.656353,,0,,0,0.26833,0.3191
bs_2407104108,DRDO QTS,bus_stop,12.987462,77.661778,,0,,0,0.0303,0.18994
bs_2407104618,CV Raman Nagara,bus_stop,12.98566,77.663897,,0,,0,0.44254,0.42583
bs_2472146600,Madiwala,bus_stop,12.920193,77.620586,,0,,0,0.21936,0.24833
bs_3016052464,Koramangala Sony World,bus_stop,12.938214,77.628191,,0,,0,0.52032,0.37642
bs_1488405362,Double Road Indiranagara,bus_stop,12.978144,77.636268,,0,,0,0.53105,0.39641
bs_2401658294,Lakshmipura Ulsoor,bus_stop,12.978099,77.632069,,0,,0,0.57354,0.42147
bs_2401658592,Halasuru,bus_stop,12.977709,77.628022,,0,,0,0.50575,0.41233
bs_4595656669,Halasur Police Station,bus_stop,12.974934,77.625299,,0,,0,0.39162,0.37459
bs_2949043344,Lido Talkies,bus_stop,12.97277,77.621351,,0,,0,0.46035,0.52917
bs_287905435,Hasanath College,bus_stop,12.979386,77.614255,,0,,0,0.41922,0.57375
bs_3304155383,Dickenson Road,bus_stop,12.980718,77.610655,,0,,0,0.50927,0.54443
bs_2405357303,Maniksha Parade Ground,bus_stop,12.97763,77.606944,,0,,0,0.53483,0.56143
bs_469614003,Cunningham Road,bus_stop,12.987591,77.594501,,0,,0,0.54058,0.66923
bs_4597940321,Jayamahal,bus_stop,13.000989,77.594506,,0,,1,0.54917,0.56969
bs_4597940322,JC Nagara,bus_stop,13.003992,77.593615,,0,,0,0.63218,0.67054
bs_5558684100,Jayanagar 9th Block,bus_stop,12.919785,77.592338,,0,,0,0.52313,0.48505
bs_2393840437,Jayanagara 4th T Block,bus_stop,12.923055,77.593399,,0,,0,0.44348,0.51659
bs_12462547455,Jayanagara 18th Main,bus_stop,12.923417,77.589519,,0,,0,0.53286,0.39718
bs_2393842689,Jayanagara Church,bus_stop,12.927973,77.587579,,0,,0,0.66326,0.40715
bs_11342900895,Jayanagar TTMC,bus_stop,12.928518,77.584395,,0,,0,0.46556,0.40362
bs_2649085501,Jayanagar 3rd Block,bus_stop,12.93193,77.583847,,0,,0,0.45319,0.47821
bs_2394017317,Madavan Park,bus_stop,12.936452,77.583883,,0,,0,0.37901,0.47348
bs_2393713744,Shanthi Talkies,bus_stop,12.936668,77.577124,,0,,0,0.40968,0.53755
bs_1838656438,Nagasandra Circle,bus_stop,12.936828,77.572071,,0,,0,0.43733,0.46616
bs_3656290925,Nettakallappa Circle,bus_stop,12.93971,77.572376,,0,,0,0.5751,0.57578
bs_1522519253,Basavanagudi Police Station,bus_stop,12.94113,77.57367,,0,,0,0.68914,0.63415
bs_2393856217,"Gandhi Bazaar, Basavanagudi",bus_stop,12.945746,77.570657,,0,,0,0.73831,0.68275
bs_7105069823,Chamarajapet,bus_stop,12.957065,77.567037,,0,,0,0.70079,0.72714
bs_1782180090,Rama Mandira Chamarajapet,bus_stop,12.956971,77.563844,,0,,0,0.59337,0.70418
bs_1836940316,"TR Mill, Raghavendra Colony",bus_stop,12.957381,77.559203,,0,,1,0.62481,0.67673
bs_5759778551,Sirsi Circle,bus_stop,12.960173,77.55903,,0,,0,0.50133,0.7133
bs_2402206935,Azad Nagar,bus_stop,12.957058,77.551282,,0,,0,0.73698,0.79681
bs_249589952,New Guddadahalli,bus_stop,12.95607,77.546516,,0,,0,0.5239,0.53941
bs_249083662,MCTC Bus Stand,bus_stop,12.953901,77.543642,,0,,0,0.56167,0.59313
bs_266323140,Agara,bus_stop,12.924471,77.650638,,0,,0,0.45395,0.35221
bs_2398074914,Kempegowda Bus Station,bus_stop,12.977908,77.572394,,0,,0,0.85201,0.79866
bs_2393692191,Maharani College,bus_stop,12.979278,77.582437,,0,,0,0.71594,0.70475
bs_5335240458,"Maharani College, KR Circle",bus_stop,12.97713,77.585807,,0,,0,1.0,0.81607
bs_663317710,St Marthas Hospital,bus_stop,12.969779,77.587166,,0,,0,0.84404,0.71994
bs_3356616803,"Corporation, Mission Road (Towards Subbiah Circle)",bus_stop,12.964785,77.587944,,0,,0,0.64631,0.56797
bs_1650296781,Subbaiah Circle,bus_stop,12.96268,77.590791,,0,,0,0.55793,0.66341
bs_4843099635,KH Road,bus_stop,12.95763,77.592948,,0,,0,0.5512,0.57719
bs_6019408108,Shanthi Nagara Bus Station,bus_stop,12.954383,77.592597,,0,,0,0.58521,0.62801
bs_6019408110,Wilson Garden 12th Cross,bus_stop,12.947074,77.597868,,0,,0,0.38721,0.56958
bs_1448635327,Lakkasandra,bus_stop,12.942941,77.597391,,0,,1,0.73224,0.57661
bs_2177268803,NIMHANS Hospital,bus_stop,12.939664,77.597885,,0,,0,0.64842,0.54357
bs_3407345221,Dairy Circle,bus_stop,12.93914,77.602036,,0,,0,0.51308,0.50385
bs_10284348041,MICO Gate,bus_stop,12.944469,77.60299,,0,,0,0.40134,0.50663
bs_10741949231,Adugodi (Towards St. Johns),bus_stop,12.944086,77.607426,,0,,0,0.36786,0.42244
bs_2472174934,Adugodi Police Station,bus_stop,12.939823,77.609557,,0,,0,0.21652,0.38741
bs_2945920002,Forum Mall Koramangala,bus_stop,12.93495,77.612148,,0,,0,0.4253,0.38062
bs_1474432219,Jyothi Nivas College,bus_stop,12.935609,77.614597,,0,,0,0.47742,0.49523
bs_1471128637,Koramangala Kalyana Mantapa,bus_stop,12.937026,77.61822,,0,,0,0.4913,0.46118
bs_1464962566,Koramangala Police Station,bus_stop,12.941033,77.62071,,0,,0,0.29407,0.41173
bs_5803896296,Koramangala Depot,bus_stop,12.940709,77.624752,,0,,0,0.23389,0.41439
bs_5993280674,Sony World Signal,bus_stop,12.937163,77.627076,,0,,1,0.52345,0.50741
bs_2406984944,Maharaja Hotel,bus_stop,12.934379,77.62981,,0,,0,0.50961,0.39935
bs_1472871982,Wipro Park,bus_stop,12.928856,77.633298,,0,,0,0.34574,0.35515
bs_6019408129,1st Block Koramangala,bus_stop,12.925149,77.634957,,0,,0,0.22818,0.35606
bs_5559151375,Hampinagara Bus Stand,bus_stop,12.959072,77.535482,,0,,0,0.64992,0.52011
bs_2402622469,Hampinagara 7th Main,bus_stop,12.962,77.537524,,0,,0,0.49868,0.5761
bs_2402621863,Hampinagara Post Office,bus_stop,12.965146,77.537917,,0,,0,0.73079,0.60506
bs_446995794,Dattatreya Temple,bus_stop,12.998946,77.574303,,0,,0,0.82102,0.6576
bs_446995784,Vyalikaval Police Station,bus_stop,13.000507,77.578209,,0,,0,0.66101,0.69751
bs_4044342168,Bashayam Circle,bus_stop,13.005981,77.579765,,0,,0,0.64388,0.69481
bs_6019408109,Wilson Garden Police Station,bus_stop,12.95133,77.595217,,0,,0,0.73182,0.54502
bs_6019408115,Muneshwara Devasthana,bus_stop,12.936613,77.606728,,0,,0,0.51879,0.45285
bs_2509433159,Hosur Junction,bus_stop,12.932264,77.613095,,0,,0,0.4939,0.4328
bs_2473602003,St. John's Hospital,bus_stop,12.929541,77.616006,,0,,0,0.24838,0.40716
bs_6019408126,Koramangala Water Tank,bus_stop,12.92694,77.622598,,0,,0,0.30622,0.39351
bs_2402578980,John Fowler,bus_stop,12.924472,77.630731,,0,,0,0.2749,0.30457
bs_2402578981,Jakkasandra,bus_stop,12.925298,77.637184,,0,,0,0.38443,0.37141
bs_267212842,Bellanduru Gate,bus_stop,12.918798,77.669533,,0,,0,0.36786,0.26754
bs_5776678179,Kaikondrahalli,bus_stop,12.914023,77.67776,,0,,1,0.31096,0.28091
bs_5776699920,Wipro Mori Gate,bus_stop,12.910892,77.684527,,0,,1,0.02,0.17477
bs_5777277381,Doddakannali,bus_stop,12.907377,77.695473,,0,,1,0.27057,0.21932
bs_12512417633,Guttahalli Underpass,bus_stop,12.997732,77.584102,,0,,1,0.80838,0.7124
bs_10043935990,Ayappa Temple,bus_stop,12.926063,77.617312,,0,,1,0.45405,0.36567
bs_1837823396,Frazer Town,bus_stop,13.000875,77.611707,,0,,1,0.43793,0.48499
bs_12512417639,Mantri Square Metro Station,bus_stop,12.990554,77.571665,,0,,1,0.77665,0.75043
bs_10680109579,Malleshwaram 15th Cross,bus_stop,13.00502,77.571167,,0,,1,0.56221,0.5195
bs_7277381417,1st Block Koramangala,bus_stop,12.925136,77.634835,,0,,1,0.23524,0.29283
bs_4817968427,HSR Layout BDA Complex,bus_stop,12.916159,77.634995,,0,,1,0.14584,0.30739
bs_1474854800,Deepanjalinagara,bus_stop,12.953754,77.536388,,0,,1,0.46736,0.54493
bs_14098502906,Banashankari,bus_stop,12.917738,77.5741,,0,,1,0.35918,0.33091
bs_4159540542,Vijayanagara,bus_stop,12.972178,77.537713,,0,,1,0.37285,0.55073
bs_9910066832,Corporation Circle (Cubbon Park),bus_stop,12.968404,77.589485,,0,,1,0.72109,0.71753
bs_3170452368,Ecospace,bus_stop,12.928014,77.681132,,0,,1,0.32962,0.17058
bs_3804880032,Silk Board Junction,bus_stop,12.916042,77.62391,,0,,1,0.36716,0.3308
bs_6461616258,Basappa Circle,bus_stop,12.956503,77.577253,,0,,1,0.53698,0.64561
bs_7139674988,Mysore Road Metro,bus_stop,12.946243,77.530326,,0,,1,0.69291,0.49515
bs_10043935987,Adugodi,bus_stop,12.944742,77.607517,,0,,1,0.56723,0.40777
bs_2007574677,KR Market,bus_stop,12.961253,77.574982,,0,,1,0.78293,0.66967
bs_12328471499,Krupanidhi College,bus_stop,12.924028,77.62881,,0,,1,0.3656,0.35623
bs_7156865447,Raj Bhavan,bus_stop,12.982937,77.592164,,0,,1,0.5709,0.70874
bs_6210612243,B Narayanapura Ring Road,bus_stop,12.996344,77.683819,,0,,1,0.3456,0.30849
bs_296030032,Clarence School,bus_stop,13.002238,77.616692,,0,,1,0.37101,0.33057
bs_9633893508,Richmond Circle,bus_stop,12.967576,77.599577,,0,,1,0.62574,0.6694
bs_5484245021,Swami Vivekananda Road,bus_stop,12.985922,77.645017,,0,,1,0.16713,0.26992
bs_2393728597,Yediyuru,bus_stop,12.930906,77.576333,,0,,1,0.44251,0.45861
bs_9814659994,Indiranagar Police Station,bus_stop,12.978193,77.640953,,0,,1,0.45704,0.36062
bs_1557291133,Shoolay Circle,bus_stop,12.965879,77.606732,,0,,1,0.3863,0.37854
bs_10043347906,Hosur Junction,bus_stop,12.932322,77.613327,,0,,1,0.4296,0.49616
bs_5727066678,Mayo Hall,bus_stop,12.973855,77.611242,,0,,1,0.74019,0.60938
bs_2406823289,Bangalore Dairy Circle,bus_stop,12.937134,77.602443,,0,,1,0.31469,0.45345
bs_2406102897,Jn of Suranjandas Road,bus_stop,12.966753,77.661749,,0,,1,0.54051,0.41133
bs_6017833799,Bellanduru Gate,bus_stop,12.91863,77.669284,,0,,1,0.31776,0.32304
bs_9930197146,Ejipura Junction,bus_stop,12.938629,77.633463,,0,,1,0.55178,0.38345
bs_2393971138,"Chamarajapete,In Front Of Manapuram Gold",bus_stop,12.956919,77.567332,,0,,1,0.63817,0.66539
bs_2417464022,Nayandahalli,bus_stop,12.942971,77.526282,,0,,1,0.32566,0.49284
bs_13110965691,Basavanagudi Police Station,bus_stop,12.941584,77.57388,,0,,1,0.41496,0.52606
bs_7140563294,Maharani's College,bus_stop,12.979059,77.584879,,0,,1,0.58754,0.66649
bs_6210612231,Hosakerehalli Junction,bus_stop,12.930753,77.543424,,0,,1,0.26432,0.33865
bs_11279815776,Devegowda Petrol Bunk,bus_stop,12.922134,77.559487,,0,,1,0.33839,0.37458
bs_1839942326,KR Puram Railway Station,bus_stop,12.999838,77.676301,,0,,1,0.2627,0.24885
bs_11229763336,Tin Factory,bus_stop,12.996213,77.668442,,0,,1,0.3748,0.23118
bs_2398094147,Khodays Circle,bus_stop,12.980285,77.571659,,0,,1,0.79769,0.70869
bs_7139631433,Navarang Theatre,bus_stop,12.999371,77.55001,,0,,1,0.63694,0.54219
bs_3170454889,Bellanduru City Light Apartment,bus_stop,12.92451,77.673846,,0,,1,0.23317,0.19903
bs_2396890811,"KH Road, Double Road",bus_stop,12.958338,77.592996,,0,,1,0.81022,0.62362
bs_13016547163,Geetanjali Layout,bus_stop,12.97671,77.654747,,0,,1,0.12179,0.30962
bs_7201051897,Rajaji Nagar 1st Block,bus_stop,13.004162,77.549182,,0,,1,0.78033,0.60652
bs_1568922532,Town Hall,bus_stop,12.963602,77.584492,,0,,1,0.83117,0.64717
bs_6461616259,Lalbagh Main Gate,bus_stop,12.954148,77.585683,,0,,1,0.66524,0.6218
bs_1067841650,Brigade Road,bus_stop,12.971511,77.606761,,0,,1,0.50085,0.66057
bs_1635922819,Trinity Circle,bus_stop,12.973171,77.622053,,0,,1,0.28726,0.4609
bs_2472174924,Adugodi Police Station,bus_stop,12.938979,77.6097,,0,,1,0.61954,0.52139
bs_1471687832,Bommanahalli,bus_stop,12.904862,77.630065,,0,,1,0.34355,0.28045
bs_1520838605,Dhobi Ghat Rajajinagara,bus_stop,12.985518,77.549117,,0,,1,0.6707,0.7324
bs_7131511277,KR Market,bus_stop,12.963972,77.578882,,0,,1,0.5853,0.67594
bs_1723780075,Roopena Agrahara,bus_stop,12.911712,77.625854,,0,,1,0.27498,0.24241
bs_2398186487,Ananda Ashrama,bus_stop,12.926309,77.600352,,0,,1,0.36727,0.33872
bs_1931886488,Okalipura,bus_stop,12.982534,77.567879,,0,,1,0.53813,0.73051
bs_11097276373,Cubbon Park Metro Station,bus_stop,12.980741,77.598412,,0,,1,0.70854,0.73082
bs_1467246058,HAL Main Gate,bus_stop,12.958535,77.666782,,0,,1,0.51503,0.38071
bs_446791191,ESI Hospital Rajajinagara (Towards Yashawanthapura),bus_stop,12.991649,77.550821,,0,,1,0.62555,0.62059
bs_1488405361,Indira Nagar Police Station,bus_stop,12.98298,77.637848,,0,,1,0.20935,0.31786
bs_2127408870,Kadirenahalli Cross,bus_stop,12.913971,77.566528,,0,,1,0.29563,0.38318
bs_7142097523,Cauvery Bhavana,bus_stop,12.973468,77.581454,,0,,1,0.76976,0.79493
bs_298831024,Helicopter Division,bus_stop,12.956878,77.674773,,0,,1,0.27159,0.29432
bs_2398471620,Indian Express,bus_stop,12.984844,77.597468,,0,,1,0.59542,0.58282
bs_7132495629,D'Souza Circle,bus_stop,12.967553,77.610952,,0,,1,0.45247,0.47695
bs_7105069825,Makkala Koota,bus_stop,12.957256,77.573028,,0,,1,0.71613,0.73158
bs_1723844502,Garavebhavipalaya,bus_stop,12.896202,77.635396,,0,,1,0.3265,0.33551
bs_2512566325,JP Nagar 3rd Phase,bus_stop,12.907834,77.600285,,0,,1,0.26257,0.27672
bs_6017833826,Military Accounts Office,bus_stop,12.967455,77.620164,,0,,1,0.54817,0.5
bs_1681877270,Benniganahalli,bus_stop,12.994617,77.663883,,0,,1,0.2929,0.24926
bs_10295532243,Koramangala CPWD Quarters,bus_stop,12.926132,77.624714,,0,,1,0.20745,0.28704
bs_10763445386,Veerabhadra Nagara,bus_stop,12.938076,77.533828,,0,,1,0.49166,0.41853
bs_6140792126,Platform 16,bus_stop,12.97681,77.57399,,0,,1,0.80868,0.77293
bs_4846789823,D. I. G. Office,bus_stop,12.968754,77.614947,,0,,1,0.52498,0.42092
bs_1837297436,ITI Colony Gate,bus_stop,13.005486,77.685233,,0,,1,0.28579,0.26438
bs_2406090831,Subbaiah Circle,bus_stop,12.962561,77.590676,,0,,1,0.61901,0.67231
bs_2393969380,Vinayaka Talkies,bus_stop,12.965025,77.570069,,0,,1,0.69501,0.69117
bs_13016547167,GTRE Engine Division,bus_stop,12.982043,77.650224,,0,,1,0.44205,0.4602
bs_5338944222,Konena Agrahara,bus_stop,12.959306,77.660299,,0,,1,0.35512,0.28821
bs_11417676432,27th Main,bus_stop,12.92342,77.651678,,0,,1,0.20443,0.22611
bs_2412945505,New Horizon College,bus_stop,12.93526,77.691141,,0,,1,0.29946,0.32322
bs_663551443,Vidhana Soudha,bus_stop,12.977209,77.590002,,0,,1,0.62212,0.67108
bs_4349360994,Lalbagh HOPCOMS,bus_stop,12.951206,77.591637,,0,,1,0.82069,0.69472
bs_10855128077,NIMHANS Hospital,bus_stop,12.938741,77.598233,,0,,1,0.61421,0.52596
bs_448117694,Old Gudahalli Cross,bus_stop,12.960143,77.554963,,0,,1,0.81532,0.59183
bs_11195721102,National College,bus_stop,12.949122,77.573623,,0,,1,0.67908,0.66742
bs_2076240754,South End Road,bus_stop,12.936716,77.576521,,0,,1,0.65766,0.54383
bs_2406089988,Akkithimmanahalli,bus_stop,12.962112,77.596485,,0,,1,0.49426,0.59906
bs_7236205633,Sujatha Talkies,bus_stop,12.982749,77.56239,,0,,1,0.60864,0.66593
bs_2412142264,BHEL Gate,bus_stop,12.949547,77.53651,,0,,1,0.51117,0.50738
bs_7156536815,Vijayanagara Garage,bus_stop,12.9631,77.534306,,0,,1,0.53209,0.44855
bs_2623640654,Marathahalli Market,bus_stop,12.95642,77.694892,,0,,1,0.04294,0.10771
bs_2473290896,Kasturinagara 2nd Stage,bus_stop,13.001124,77.661819,,0,,1,0.07615,0.26801
bs_10855128076,7th Cross Wilson Garden,bus_stop,12.947002,77.594381,,0,,1,0.40842,0.50904
bs_1597612579,NGEF,bus_stop,12.987851,77.649786,,0,,1,0.24125,0.22362
bs_2513608690,J P Nagar Powerhouse,bus_stop,12.906298,77.580895,,0,,1,0.39246,0.32642
bs_2397087882,Anil Kumble Circle,bus_stop,12.977723,77.601959,,0,,1,0.54417,0.72472
bs_12462551333,JP Nagara 15th Cross,bus_stop,12.906567,77.585814,,0,,1,0.218,0.2537
bs_13062011334,Radhareddy Layout,bus_stop,12.908845,77.689799,,0,,1,0.40708,0.3701
bs_12531340553,Coles Park,bus_stop,12.995079,77.60821,,0,,1,0.39356,0.48818
bs_2397023289,Jayanagara National College,bus_stop,12.924523,77.577975,,0,,1,0.55175,0.49377
bs_7205667885,Anand Rao,bus_stop,12.981116,77.576871,,0,,1,0.79588,0.68399
bs_12362143901,Mahadevapura,bus_stop,12.988286,77.68952,,0,,1,0.2652,0.29102
bs_11897220036,Depot-25,bus_stop,12.919154,77.642404,,0,,1,0.14811,0.25854
bs_3299039166,Domlur (Towards HAL),bus_stop,12.961166,77.637976,,0,,1,0.39578,0.44989
bs_11584464945,ITC Factory,bus_stop,12.998554,77.62207,,0,,1,0.44246,0.33459
pl_wipro_sarjapur,"Wipro Campus, Doddakannelli (Sarjapur Road)",place,12.911538,77.693416,,0,office,1,0.22064,0.2987
pl_pes_university,"PES University, RR Campus (100 Feet Ring Road)",place,12.934236,77.534324,,0,education,1,0.29168,0.34403
pl_home,Home (Vijayanagar),place,12.970954,77.537385,,0,residential,1,0.36602,0.58485
pl_college,College (Shanthinagar),place,12.957807,77.599415,,0,education,1,0.56168,0.63821
pl_mg_road_shops,M.G. Road,place,12.975526,77.60679,,0,retail,1,0.46838,0.50327
pl_koramangala,Koramangala 5th Block,place,12.935737,77.624081,,0,mixed,1,0.49621,0.35538
pl_indiranagar_100ft,Indiranagar 100ft Road,place,12.978176,77.640953,,0,retail,1,0.2572,0.33483
pl_hsr_office,Office (HSR Layout edge),place,12.911623,77.638862,,0,office,1,0.41853,0.33805
pl_banashankari_home,Banashankari Home,place,12.92782,77.556621,,0,residential,1,0.51148,0.54397
pl_jayanagar,Jayanagar 4th Block,place,12.926574,77.583504,,0,retail,1,0.36101,0.43523
pl_majestic,Majestic Bus Station,place,12.977742,77.57239,,0,transport,1,0.83387,0.70088
pl_domlur,Domlur Office Park,place,12.962467,77.638196,,0,office,1,0.39763,0.40769
pl_whitefield_gate,Whitefield Gate,place,12.932049,77.684292,,0,office,1,0.17439,0.21083
pl_electronic_city,Electronic City Gate,place,12.903458,77.623003,,0,office,1,0.1691,0.32257
pl_old_airport,Old Airport Road Gate,place,12.960547,77.641899,,0,mixed,1,0.41498,0.36502
